#node	identifier	domain_summary_url	annotation	other_names_and_aliases
ABCA7	9606.ENSP00000263094	https://smart.embl.de/smart/DDvec.cgi?smart=2146:TRANS(23|42)+Pfam_ABC2_membrane_3(530|750)+AAA(833|1014)+TRANS(1238|1260)+Pfam_ABC2_membrane_3(1433|1750)+AAA(1819|2004)+	ATP-binding cassette sub-family A member 7; Plays a role in phagocytosis by macrophages of apoptotic cells. Binds APOA1 and may function in apolipoprotein-mediated phospholipid efflux from cells. May also mediate cholesterol efflux. May regulate cellular ceramide homeostasis during keratinocytes differentiation; ATP binding cassette subfamily A	10347,AAF06727.1,AAF85794.1,AAK00959.1,AAN04657.1,AB055390,ABCA-SSN,ABCA7,ABCA7-001,ABCA7-002,ABCA7-003,ABCA7-004,ABCA7-005,ABCA7-006,ABCA7-007,ABCA7-008,ABCA7-009,ABCA7-010,ABCA7-011,ABCA7-012,ABCA7-013,ABCA7-014,ABCA7-015,ABCA7-016,ABCA7-017,ABCA7-018,ABCA7-201,ABCA7_HUMAN,ABCX,AD9,AF140342,AF250238,AF311057,AF311058,AF311059,AF311060,AF311061,AF311062,AF311063,AF311064,AF311065,AF311066,AF311067,AF311068,AF311069,AF311070,AF311071,AF311072,AF311073,AF311074,AF311075,AF311076,AF311077,AF311078,AF311079,AF311080,AF311081,AF311082,AF311083,AF311084,AF311085,AF311086,AF311087,AF311088,AF311089,AF311090,AF311091,AF311092,AF311093,AF311094,AF311095,AF311096,AF311097,AF311098,AF311099,AF311100,AF311101,AF328787,AK097344,ATP binding cassette subfamily A,ATP binding cassette subfamily A member 7,ATP-binding cassette sub-family A member 7,ATP-binding cassette, sub-family A, member 7,Autoantigen SS-N,B3KUJ3,BAB62294.1,BAG53455.1,CCDS12055,CCDS12055.1,E9PKG5,E9PL63,ENSG00000064687,ENSP00000263094,ENSP00000406617,ENSP00000414062,ENSP00000431473,ENSP00000432031,ENSP00000433190,ENSP00000433545,ENSP00000435949,ENSP00000437311,ENSP00000465322,ENSP00000478857,ENSP00000480811,ENSP00000482948,ENST00000263094,ENST00000433129,ENST00000435683,ENST00000524383,ENST00000524728,ENST00000524850,ENST00000525073,ENST00000525238,ENST00000525939,ENST00000526885,ENST00000527496,ENST00000529442,ENST00000530092,ENST00000530703,ENST00000531467,ENST00000531478,ENST00000532194,ENST00000533574,ENST00000534541,ENST00000611490,ENST00000612569,HGNC:37,HPA041564,Hs.134514,Macrophage ABC transporter,NM_019112,NM_019112.3,NP_061985,NP_061985.2,NX_Q8IZY2,OMIM:605414,OTTHUMG00000167547,OTTHUMP00000236146,OTTHUMP00000236147,OTTHUMP00000236148,OTTHUMP00000236150,OTTHUMP00000236169,OTTHUMP00000268080,OTTHUMP00000274782,OTTHUMP00000274783,OTTHUMP00000274784,OTTHUMT00000394993,OTTHUMT00000394994,OTTHUMT00000394995,OTTHUMT00000394996,OTTHUMT00000394997,OTTHUMT00000394998,OTTHUMT00000394999,OTTHUMT00000395001,OTTHUMT00000395002,OTTHUMT00000395003,OTTHUMT00000395053,OTTHUMT00000395056,OTTHUMT00000395057,OTTHUMT00000395058,OTTHUMT00000395059,OTTHUMT00000473957,OTTHUMT00000473958,OTTHUMT00000473959,Q8IZY2,Q96S58,Q9BZC4,Q9NR73,Q9UKP8,UPI000013D3A4,UPI000059D616,UPI0001F784F2,UPI0001F784F3,UPI0002840A01,UPI0004620BE7,UPI0004620BFA,UPI0004620CF8,UPI0004620E07,XM_006722617,XM_006722617.1,XM_006722618,XM_006722618.1,XP_006722679,XP_006722679.1,XP_006722680,XP_006722680.1,XP_006722681,XP_006722681.1,XP_011525930.1,hsa:10347,uc002lqw.4,uc002lqw.5,uc002lqy.3,uc010dsa.3
ACE	9606.ENSP00000290866	https://smart.embl.de/smart/DDvec.cgi?smart=1306:SIGNAL(1|29)+Pfam_Peptidase_M2(40|623)+Pfam_Peptidase_M2(643|1221)+TRANS(1257|1276)+	Angiotensin-converting enzyme; Converts angiotensin I to angiotensin II by release of the terminal His-Leu, this results in an increase of the vasoconstrictor activity of angiotensin. Also able to inactivate bradykinin, a potent vasodilator. Has also a glycosidase activity which releases GPI-anchored proteins from the membrane by cleaving the mannose linkage in the GPI moiety; CD molecules	1636,1O86,1O8A,1UZE,1UZF,2C6F,2C6N,2IUL,2IUX,2OC2,2XY9,2XYD,2YDM,3.4.15.1,3BKK,3BKL,3L3N,3NXQ,4APH,4APJ,4BXK,4BZR,4BZS,4C2N,4C2O,4C2P,4C2Q,4C2R,4CA5,4CA6,4UFA,4UFB,5AM8,5AM9,5AMA,5AMB,5AMC,AAA51684.1,AAA60611.1,AAD28560.1,AAR03504.1,AB208971,ABY87529.1,ACE,ACE-001,ACE-003,ACE-004,ACE-005,ACE-006,ACE-007,ACE-008,ACE-009,ACE-010,ACE-011,ACE-012,ACE-013,ACE-014,ACE-015,ACE-016,ACE-017,ACE-018,ACE-019,ACE-020,ACE-021,ACE-022,ACE-201,ACE1,ACE_HUMAN,AF118569,AK301988,AY436326,Angiotensin I converting enzyme,Angiotensin-converting enzyme,B0LPF0,B4DXI3,BAD92208.1,BAG63395.1,CAA34362.1,CAB002426,CAB002921,CCDS11637,CCDS11637.1,CCDS45755,CCDS45755.1,CCDS54155,CCDS54155.1,CD molecules,CD143,CHEMBL1808,D3DU13,DCP,DCP1,Dipeptidyl carboxypeptidase I,E7EU16,EAW94319.1,EAW94321.1,EC 3.4.15.1,ENSG00000159640,ENSP00000290863,ENSP00000290866,ENSP00000322948,ENSP00000387760,ENSP00000392247,ENSP00000397593,ENSP00000439591,ENSP00000462002,ENSP00000462110,ENSP00000462280,ENSP00000462599,ENSP00000462909,ENSP00000462995,ENSP00000463302,ENSP00000463673,ENSP00000464428,ENSP00000464539,ENSP00000464629,ENST00000290863,ENST00000290866,ENST00000316460,ENST00000413513,ENST00000421982,ENST00000428043,ENST00000490216,ENST00000538928,ENST00000577418,ENST00000578679,ENST00000578839,ENST00000579204,ENST00000579314,ENST00000579409,ENST00000579462,ENST00000579726,ENST00000580318,ENST00000582005,ENST00000582244,ENST00000582627,ENST00000582678,ENST00000582761,ENST00000583336,ENST00000583645,ENST00000584529,ENST00000584865,EU332840,HGNC:2707,HPA029298,Hs.298469,ICH,J04144,J3KRH5,J3KS28,J3KSQ5,J3KTB8,J3KTH9,J3QKZ3,J3QSC7,Kininase II,M02.001,M26657,MVCD3,NM_000789,NM_000789.3,NM_001178057,NM_001178057.1,NM_152830,NM_152830.2,NP_000780,NP_000780.1,NP_001171528,NP_001171528.1,NP_690043,NP_690043.1,NX_P12821,OMIM:106180,OTTHUMG00000154927,OTTHUMP00000206956,OTTHUMP00000260270,OTTHUMP00000260271,OTTHUMP00000260272,OTTHUMP00000260273,OTTHUMP00000260274,OTTHUMP00000260275,OTTHUMP00000260276,OTTHUMP00000260277,OTTHUMP00000260278,OTTHUMP00000260279,OTTHUMP00000260280,OTTHUMP00000260281,OTTHUMT00000337675,OTTHUMT00000443828,OTTHUMT00000443829,OTTHUMT00000443830,OTTHUMT00000443831,OTTHUMT00000443832,OTTHUMT00000443833,OTTHUMT00000443834,OTTHUMT00000443835,OTTHUMT00000443836,OTTHUMT00000443837,OTTHUMT00000443838,OTTHUMT00000443839,OTTHUMT00000443840,OTTHUMT00000443841,OTTHUMT00000443842,OTTHUMT00000443843,OTTHUMT00000443844,OTTHUMT00000443845,OTTHUMT00000443846,OTTHUMT00000443847,P12821,P22966,Q3KRI5,Q53YX9,Q59GY8,Q7M4L4,UPI000002B8AD,UPI000002DB19,UPI00017A8162,UPI000268B338,UPI000268B339,UPI000268B33A,UPI000268B33B,UPI000268B33C,UPI000268B33D,UPI000268B33E,UPI000268B33F,UPI000268B340,UPI000268B341,X16295,XP_005257167,XP_005257167.1,XP_006721800,XP_006721800.1,angiotensin I converting enzyme,angiotensin I converting enzyme 1,hsa:1636,peptidyl-dipeptidase A,uc002jau.2,uc002jau.3,uc002jau.4,uc002jav.2,uc010wpj.2,uc031rdj.1
ACTN1	9606.ENSP00000377941	https://smart.embl.de/smart/DDvec.cgi?smart=914:CH(33|133)+CH(146|245)+Pfam_Spectrin(274|384)+SPEC(397|498)+SPEC(512|619)+SPEC(633|732)+EFh(750|778)+EFh(813|841)+efhand_Ca_insen(844|910)+	Alpha-actinin-1; F-actin cross-linking protein which is thought to anchor actin to a variety of intracellular structures. This is a bundling protein; Belongs to the alpha-actinin family	2EYI,2EYN,2N8Y,2N8Z,87,A0A024R694,AAA51582.1,AAH03576.1,AAH15766.1,AAP35871.1,ABF50047.1,ACE62922.1,ACJ24535.1,ACTN1,ACTN1-001,ACTN1-002,ACTN1-005,ACTN1-006,ACTN1-007,ACTN1-008,ACTN1-009,ACTN1-010,ACTN1-011,ACTN1-012,ACTN1-013,ACTN1-014,ACTN1-015,ACTN1-016,ACTN1-017,ACTN1-018,ACTN1-019,ACTN1-020,ACTN1-021,ACTN1-022,ACTN1-023,ACTN1_HUMAN,AJ844628,AK295099,AK299362,AL117694,Actinin, alpha 1,Actinins,Alpha-actinin cytoskeletal isoform,Alpha-actinin-1,B3V8S3,B4DHH3,B4DRP5,B7TY16,BAG58135.1,BAG61357.1,BC003576,BC015766,BDPLT15,BT007207,CAA33803.1,CAA38970.1,CAB004303,CAH59747.2,CCDS45129,CCDS45129.1,CCDS45130,CCDS45130.1,CCDS9792,CCDS9792.1,DQ496098,EAW80971.1,EAW80975.1,EAW80976.1,ENSG00000072110,ENSP00000193403,ENSP00000312909,ENSP00000366035,ENSP00000377941,ENSP00000414272,ENSP00000438732,ENSP00000439828,ENSP00000444422,ENSP00000450618,ENSP00000450625,ENSP00000450764,ENSP00000450903,ENSP00000450925,ENSP00000451086,ENSP00000452254,ENSP00000452423,ENST00000193403,ENST00000323911,ENST00000376839,ENST00000394419,ENST00000438964,ENST00000538398,ENST00000538545,ENST00000544964,ENST00000553290,ENST00000553370,ENST00000553659,ENST00000553779,ENST00000553882,ENST00000554158,ENST00000554508,ENST00000555075,ENST00000555616,ENST00000556083,ENST00000556203,ENST00000556343,ENST00000556432,ENST00000556433,ENST00000556571,EU716325,F-actin cross-linking protein,FJ410030,G3V2E8,G3V2N5,G3V2W4,G3V2X9,G3V380,G3V5M4,H7C5W8,H9KV75,HGNC:163,HPA006035,Hs.509765,Hs.653481,M95178,NM_001102,NM_001102.3,NM_001130004,NM_001130004.1,NM_001130005,NM_001130005.1,NP_001093,NP_001093.1,NP_001123476,NP_001123476.1,NP_001123477,NP_001123477.1,NX_P12814,Non-muscle alpha-actinin-1,OMIM:102575,OTTHUMG00000171386,OTTHUMP00000245940,OTTHUMP00000245941,OTTHUMP00000245942,OTTHUMP00000245943,OTTHUMP00000245944,OTTHUMP00000246676,OTTHUMP00000246677,OTTHUMP00000246678,OTTHUMP00000246679,OTTHUMP00000246680,OTTHUMP00000246681,OTTHUMP00000246695,OTTHUMP00000246696,OTTHUMP00000246697,OTTHUMT00000413233,OTTHUMT00000413234,OTTHUMT00000413236,OTTHUMT00000413237,OTTHUMT00000413244,OTTHUMT00000413282,OTTHUMT00000413283,OTTHUMT00000414664,OTTHUMT00000414665,OTTHUMT00000414666,OTTHUMT00000414667,OTTHUMT00000414668,OTTHUMT00000414669,OTTHUMT00000414670,OTTHUMT00000414671,OTTHUMT00000414672,OTTHUMT00000414711,OTTHUMT00000414712,OTTHUMT00000414713,OTTHUMT00000414714,OTTHUMT00000414715,P12814,Q1HE25,Q5ZEZ4,Q9BTN1,UPI0000043C25,UPI0000D79B2C,UPI0000EE330A,UPI000188EF14,UPI000206583E,UPI00021CF321,UPI00021CF322,UPI00021CF323,UPI00021CF324,UPI00021CF325,UPI00021CF326,UPI00021CF327,UPI00021CF328,UPI00021CF329,X15804,X55187,actinin alpha 1,actinin, alpha 1,hsa:87,uc001xkk.3,uc001xkl.3,uc001xkl.4,uc001xkm.3,uc001xkn.3,uc001xko.1,uc010ttb.2,uc010ttc.2,uc010ttd.1
ACTN4	9606.ENSP00000252699	https://smart.embl.de/smart/DDvec.cgi?smart=911:CH(52|152)+CH(165|264)+SPEC(296|402)+SPEC(416|517)+SPEC(531|638)+SPEC(652|751)+EFh(769|797)+EFh(810|838)+efhand_Ca_insen(841|907)+	Alpha-actinin-4; F-actin cross-linking protein which is thought to anchor actin to a variety of intracellular structures. This is a bundling protein (Probable). Probably involved in vesicular trafficking via its association with the CART complex. The CART complex is necessary for efficient transferrin receptor recycling but not for EGFR degradation. Involved in tight junction assembly in epithelial cells probably through interaction with MICALL2. Links MICALL2 to the actin cytoskeleton and recruits it to the tight junctions (By similarity). May also function as a transcriptional coacti [...] 	1WLX,1YDI,2R0O,81,A4K467,AAC17470.1,AAH05033.1,AAH15620.2,ABD96103.1,ACTININ-4,ACTN4,ACTN4-001,ACTN4-002,ACTN4-003,ACTN4-004,ACTN4-005,ACTN4-006,ACTN4-007,ACTN4-010,ACTN4-012,ACTN4-013,ACTN4-201,ACTN4_HUMAN,ADG03678.1,AL047603,AU118403,Actinin, alpha 4,Actinins,Alpha-actinin-4,BAA24447.1,BC005033,BC015620,CCDS12518,CCDS12518.1,D6PXK4,D89980,DQ431186,ENSG00000130402,ENSP00000252699,ENSP00000396931,ENSP00000398393,ENSP00000410392,ENSP00000411187,ENSP00000439497,ENSP00000465176,ENSP00000467190,ENST00000252699,ENST00000390009,ENST00000424234,ENST00000440400,ENST00000445727,ENST00000456597,ENST00000477174,ENST00000489451,ENST00000495553,ENST00000497637,ENST00000586538,ENST00000588618,ENST00000589528,FSGS,FSGS1,GU987085,H7C144,HGNC:166,HPA001873,Hs.270291,Hs.667218,Hs.712632,K7EJH8,NM_001322033,NM_004924,NM_004924.4,NP_004915,NP_004915.2,NX_O43707,Non-muscle alpha-actinin 4,O43707,O76048,OMIM:604638,OTTHUMG00000137382,OTTHUMP00000174445,OTTHUMP00000174446,OTTHUMP00000268325,OTTHUMP00000268326,OTTHUMP00000268327,OTTHUMT00000268091,OTTHUMT00000268092,OTTHUMT00000268093,OTTHUMT00000268094,OTTHUMT00000268095,OTTHUMT00000268096,OTTHUMT00000459232,OTTHUMT00000459235,OTTHUMT00000459236,OTTHUMT00000459238,Q96BG6,U48734,UPI0000125093,UPI0000E5A1E6,UPI0001D21141,UPI0002840CFC,UPI0002840CFD,XM_005259281,XM_005259281.2,XM_005259282,XM_005259282.2,XM_006723406,XM_006723406.1,XP_005259338,XP_005259338.1,XP_005259339,XP_005259339.1,XP_006723469,XP_006723469.1,actinin alpha 4,actinin, alpha 4,focal segmental glomerulosclerosis 1,hsa:81,uc002oja.2,uc002oja.3,uc021uug.1
ANGPT1	9606.ENSP00000428340	https://smart.embl.de/smart/DDvec.cgi?smart=498:SIGNAL(1|20)+COIL(194|254)+FBG(281|496)+	Angiopoietin-1; Binds and activates TEK/TIE2 receptor by inducing its dimerization and tyrosine phosphorylation. Plays an important role in the regulation of angiogenesis, endothelial cell survival, proliferation, migration, adhesion and cell spreading, reorganization of the actin cytoskeleton, but also maintenance of vascular quiescence. Required for normal angiogenesis and heart development during embryogenesis. After birth, activates or inhibits angiogenesis, depending on the context. Inhibits angiogenesis and promotes vascular stability in quiescent vessels, where endothelial cells [...] 	284,4EPU,4JYO,4K0V,AAB50557.1,AAH29406.1,AAI52412.1,AAI52420.1,AAM81745.1,AAM92271.1,AB084454,AC091010,AGP1,AGPT,AK300319,AK304717,ANG1,ANGP1_HUMAN,ANGPT1,ANGPT1-001,ANGPT1-002,ANGPT1-003,ANGPT1-005,ANGPT1-006,ANGPT1-007,ANGPT1-008,ANGPT1-009,AP000428,AP003480,AY121504,AY124380,Ang1,Angiopoietin 1,Angiopoietin-1,B4DTQ9,B4E3G9,BAA02793.2,BAB91325.1,BAG62071.1,BAG65481.1,BC029406,BC152411,BC152419,BX648814,CAB017815,CAI45984.1,CCDS56551,CCDS56551.1,CCDS6306,CCDS6306.1,CCDS83313,D13628,E5RFF4,E7ERK4,EAW91909.1,ENSG00000154188,ENSP00000297450,ENSP00000379165,ENSP00000428340,ENSP00000428908,ENSP00000429349,ENSP00000430750,ENST00000297450,ENST00000395820,ENST00000517746,ENST00000518386,ENST00000520033,ENST00000520052,ENST00000520734,ENST00000521950,ENST00000522400,Fibrinogen C domain containing,HGNC:484,HPA018793,HPA018816,Hs.369675,Hs.613780,KIAA0003,NM_001146,NM_001146.3,NM_001199859,NM_001199859.1,NM_139290,NP_001137,NP_001137.2,NP_001186788,NP_001186788.1,NP_001300980.1,NX_Q15389,OMIM:601667,OTTHUMG00000164812,OTTHUMP00000227592,OTTHUMP00000227599,OTTHUMP00000227600,OTTHUMP00000227626,OTTHUMP00000227628,OTTHUMT00000380419,OTTHUMT00000380427,OTTHUMT00000380428,OTTHUMT00000380433,OTTHUMT00000380444,OTTHUMT00000380445,OTTHUMT00000380446,OTTHUMT00000380447,Q15389,Q5HYA0,Q8N6P3,U83508,UPI0000034766,UPI0000169553,UPI00017A7E09,UPI0001E8F61F,UPI0001E8F620,angiopoietin 1,hsa:284,uc003ymn.3,uc003ymn.4,uc003ymo.3,uc011lhv.2
APBB1	9606.ENSP00000477213	https://smart.embl.de/smart/DDvec.cgi?smart=710:WW(254|285)+PTB(365|512)+PTB(538|667)+	Amyloid-beta A4 precursor protein-binding family B member 1; Transcription coregulator that can have both coactivator and corepressor functions. Adapter protein that forms a transcriptionally active complex with the gamma-secretase-derived amyloid precursor protein (APP) intracellular domain. Plays a central role in the response to DNA damage by translocating to the nucleus and inducing apoptosis. May act by specifically recognizing and binding histone H2AX phosphorylated on 'Tyr-142' (H2AXY142ph) at double-strand breaks (DSBs), recruiting other pro- apoptosis factors such as MAPK8/JNK [...] 	2E45,2HO2,2IDH,2OEI,322,3D8D,3D8E,3D8F,3DXC,3DXD,3DXE,5NQH,A1E379,A6NH82,A6NL69,AAB93631.1,AAC79942.1,AAH10854.1,AAL79526.1,ABL07489.3,AC084337,AF029234,AF047835,AF394214,AK293550,AK293554,AK293613,AK293643,AK295241,APBB1,APBB1-001,APBB1-002,APBB1-003,APBB1-004,APBB1-005,APBB1-006,APBB1-007,APBB1-008,APBB1-009,APBB1-010,APBB1-011,APBB1-014,APBB1-016,APBB1-017,APBB1-018,APBB1-020,APBB1-023,APBB1-024,APBB1-025,APBB1-026,APBB1-201,APBB1-202,APBB1-203,APBB1-204,APBB1_HUMAN,B7Z1J5,B7Z1J6,B7Z1L0,B7Z2Y0,BAH11531.1,BAH11532.1,BAH11546.1,BAH11554.1,BAH12016.1,BC010854,BX538185,CAB022104,CAD98057.1,CCDS31410,CCDS31410.1,CCDS58114,CCDS58114.1,CCDS66015,CCDS66015.1,CCDS66016,CCDS66016.1,CCDS66017,CCDS66017.1,CCDS66018,CCDS66018.1,D3DQT2,EAW68723.1,EAW68724.1,EF103274,ENSG00000166313,ENSP00000299402,ENSP00000311912,ENSP00000349172,ENSP00000351827,ENSP00000374556,ENSP00000374557,ENSP00000416902,ENSP00000432169,ENSP00000433338,ENSP00000437114,ENSP00000441195,ENSP00000444426,ENSP00000444579,ENSP00000445785,ENSP00000445890,ENSP00000476442,ENSP00000476536,ENSP00000476646,ENSP00000476647,ENSP00000476776,ENSP00000476846,ENSP00000476871,ENSP00000477022,ENSP00000477069,ENSP00000477213,ENSP00000481817,ENSP00000483682,ENSP00000484493,ENST00000299402,ENST00000311051,ENST00000356735,ENST00000358946,ENST00000389906,ENST00000389907,ENST00000414793,ENST00000524626,ENST00000526240,ENST00000526925,ENST00000529519,ENST00000529778,ENST00000529890,ENST00000530885,ENST00000532020,ENST00000533139,ENST00000533407,ENST00000534188,ENST00000534416,ENST00000535235,ENST00000536523,ENST00000539758,ENST00000542069,ENST00000544288,ENST00000608394,ENST00000608435,ENST00000608645,ENST00000608655,ENST00000608704,ENST00000609331,ENST00000609360,ENST00000610474,ENST00000618005,ENST00000621678,FE65,Fe65,HGNC:581,HPA038521,HPA038522,Hs.372840,J3KPL8,L77864,MGC:9072,NM_001164,NM_001164.4,NM_001257319,NM_001257319.2,NM_001257320,NM_001257320.2,NM_001257321,NM_001257321.2,NM_001257323,NM_001257323.2,NM_001257325,NM_001257325.2,NM_001257326,NM_001257326.2,NM_145689,NM_145689.2,NP_001155,NP_001155.1,NP_001244248,NP_001244248.1,NP_001244249,NP_001244249.1,NP_001244250,NP_001244250.1,NP_001244252,NP_001244252.1,NP_001244254,NP_001244254.1,NP_001244255,NP_001244255.1,NP_663722,NP_663722.1,NR_047512,NR_047512.2,NX_O00213,O00213,OMIM:602709,OTTHUMG00000165454,OTTHUMP00000229838,OTTHUMP00000229839,OTTHUMP00000230717,OTTHUMP00000274011,OTTHUMP00000274012,OTTHUMP00000274013,OTTHUMP00000274014,OTTHUMP00000274015,OTTHUMP00000274016,OTTHUMP00000274017,OTTHUMP00000274018,OTTHUMP00000274019,OTTHUMP00000274020,OTTHUMT00000384207,OTTHUMT00000384208,OTTHUMT00000384209,OTTHUMT00000385743,OTTHUMT00000385744,OTTHUMT00000385745,OTTHUMT00000385746,OTTHUMT00000385747,OTTHUMT00000385749,OTTHUMT00000385750,OTTHUMT00000385751,OTTHUMT00000385752,OTTHUMT00000386327,OTTHUMT00000386330,OTTHUMT00000386331,OTTHUMT00000386333,OTTHUMT00000471830,OTTHUMT00000471831,OTTHUMT00000471832,OTTHUMT00000471833,Protein Fe65,Q7Z324,Q8TEY4,Q96A93,RIR,UPI0000070BF7,UPI000012510B,UPI00005A8E5D,UPI00015DFF9C,UPI0001914AA2,UPI0001914C81,UPI0002065385,UPI0002065386,UPI00024CEF73,UPI000258D162,UPI0003B92810,UPI0003B92867,UPI0003B92885,V9GY97,V9GYD5,V9GYK0,V9GYR7,V9GYT4,XM_006718212,XM_006718212.1,XM_006718214,XM_006718214.1,XM_006718215,XM_006718215.1,XM_006718216,XM_006718216.1,XP_006718275,XP_006718275.1,XP_006718277,XP_006718277.1,XP_006718278,XP_006718278.1,XP_006718279,XP_006718279.1,XP_011518342.1,XP_016873130.1,amyloid beta,hsa:322,uc001mdb.3,uc001mdb.4,uc001mdc.2,uc001mdc.3,uc001mdd.5,uc001mde.4,uc009yfb.4,uc010rag.3,uc031pyt.2,uc031pyu.2,uc031xer.1
APOA1	9606.ENSP00000236850	https://smart.embl.de/smart/DDvec.cgi?smart=267:SIGNAL(1|18)+Pfam_Apolipoprotein(69|262)+	Apolipoprotein A-I; Participates in the reverse transport of cholesterol from tissues to the liver for excretion by promoting cholesterol efflux from tissues and by acting as a cofactor for the lecithin cholesterol acyltransferase (LCAT). As part of the SPAP complex, activates spermatozoa motility; Apolipoproteins	1AV1,1GW3,1GW4,1ODP,1ODQ,1ODR,2A01,2MSC,2MSD,2MSE,2N5E,335,3J00,3K2S,3R2P,4V6M,A0A024R3E3,A14829,A8K866,AAA35545.1,AAA51747.1,AAA62829.1,AAB59514.1,AAH05380.1,AAI10287.1,AAQ91811.1,AAS68227.1,ACA05932.1,ACA05933.1,ACA05934.1,ACA05935.1,ACA05936.1,AK292231,APOA1,APOA1-001,APOA1-002,APOA1-003,APOA1-004,APOA1-005,APOA1_HUMAN,AY422952,Apolipoprotein A-I,Apolipoprotein A1,Apolipoproteins,BAF84920.1,BC005380,BC110286,CAA01198.1,CAA25232.1,CAA25519.1,CAA26097.1,CAA30377.1,CAB016778,CCDS8378,CCDS8378.1,CHEMBL5984,EAW67274.1,EAW67275.1,EAW67276.1,EF444948,ENSG00000118137,ENSP00000236850,ENSP00000352471,ENSP00000364469,ENSP00000364472,ENSP00000364478,ENST00000236850,ENST00000359492,ENST00000375320,ENST00000375323,ENST00000375329,F8W696,HGNC:600,HPA046715,M11791,M27875,M29068,NM_000039,NM_000039.1,NP_000030,NP_000030.1,NP_001304946.1,NP_001304947.1,NP_001304950.1,NX_P02647,OMIM:107680,OTTHUMG00000046112,OTTHUMP00000043268,OTTHUMP00000069346,OTTHUMP00000069347,OTTHUMP00000069348,OTTHUMP00000195990,OTTHUMT00000106281,OTTHUMT00000142222,OTTHUMT00000142223,OTTHUMT00000142224,OTTHUMT00000142225,P02647,Q6LDN9,Q6Q785,Q9UCS8,Q9UCT8,UPI000002C911,UPI000155D4F1,X00566,X01038,X02162,X07496,XM_005271539,XM_005271539.1,XM_005271540,XM_005271540.1,XP_005271596,XP_005271596.1,XP_005271597,XP_005271597.1,apo(a),apolipoprotein A-I,apolipoprotein A1,hsa:335,uc001ppv.1,uc001ppv.2
APOA2	9606.ENSP00000356969	https://smart.embl.de/smart/DDvec.cgi?smart=100:SIGNAL(1|18)+Pfam_ApoA-II(24|98)+	Apolipoprotein A-II; May stabilize HDL (high density lipoprotein) structure by its association with lipids, and affect the HDL metabolism; Apolipoproteins	1L6L,2OU1,336,AAA51701.1,AAH05282.1,AAM49807.1,AAP35432.1,AB106565,AK312034,APOA2,APOA2-001,APOA2-002,APOA2-003,APOA2-004,APOA2-005,APOA2-006,APOA2-007,APOA2-008,APOA2-009,APOA2-010,APOA2_HUMAN,AY100524,Apo-AII,ApoA-II,Apolipoprotein A-II,Apolipoprotein A2,Apolipoproteins,B2R524,BAD05173.1,BAG34971.1,BC005282,BT006786,CAA25467.1,CAA26474.1,CAA26665.1,CAA28583.1,CAB025885,CAH72151.1,CCDS1226,CCDS1226.1,D3DVG8,EAW52618.1,EAW52620.1,ENSG00000158874,ENSP00000289906,ENSP00000356968,ENSP00000356969,ENSP00000395350,ENSP00000476605,ENSP00000476662,ENSP00000476740,ENSP00000476890,ENSP00000476911,ENSP00000477031,ENSP00000477054,ENSP00000477353,ENST00000289906,ENST00000367989,ENST00000367990,ENST00000446517,ENST00000463273,ENST00000463812,ENST00000464492,ENST00000468465,ENST00000469730,ENST00000470459,ENST00000481413,ENST00000481511,ENST00000491350,HGNC:601,M29882,NM_001643,NM_001643.1,NP_001634,NP_001634.1,NX_P02652,OMIM:107670,OTTHUMG00000034346,OTTHUMP00000032244,OTTHUMP00000273998,OTTHUMP00000273999,OTTHUMP00000274000,OTTHUMP00000274001,OTTHUMP00000274002,OTTHUMP00000274003,OTTHUMP00000274004,OTTHUMP00000274005,OTTHUMT00000083037,OTTHUMT00000083038,OTTHUMT00000083039,OTTHUMT00000083040,OTTHUMT00000083041,OTTHUMT00000083042,OTTHUMT00000083043,OTTHUMT00000083044,OTTHUMT00000083045,OTTHUMT00000083046,P02652,Q76EI7,UPI0000125BE4,UPI00002317C9,UPI0000EE6A14,UPI00024CEFD3,UPI0003B9282B,UPI0003B92854,UPI0003B92878,UPI0003B928B7,V9GYC1,V9GYE3,V9GYG9,V9GYM3,V9GYS1,X00955,X02619,X02905,X04898,apoAII,apolipoprotein A-II,apolipoprotein A2,hsa:336,uc001fzc.1,uc001fzc.2
APOB	9606.ENSP00000233242	https://smart.embl.de/smart/DDvec.cgi?smart=4563:SIGNAL(1|27)+LPD_N(46|598)+DUF1943(632|945)+Pfam_DUF1081(960|1071)+COIL(2130|2159)+COIL(4261|4293)+COIL(4355|4388)+Pfam_ApoB100_C(4494|4550)+	Apolipoprotein B-100; Apolipoprotein B is a major protein constituent of chylomicrons (apo B-48), LDL (apo B-100) and VLDL (apo B-100). Apo B-100 functions as a recognition signal for the cellular binding and internalization of LDL particles by the apoB/E receptor; Apolipoproteins	338,A8MUN2,AAA35541.1,AAA35544.1,AAA35548.1,AAA35549.1,AAA51741.1,AAA51742.1,AAA51750.1,AAA51751.1,AAA51752.1,AAA51753.1,AAA51755.1,AAA51756.1,AAA51758.1,AAA51759.1,AAB00481.1,AAB04636.1,AAB60718.1,AAP72970.1,AAX88848.1,AAX93246.1,AC010872,AC115619,AGQ46319.1,APOB,APOB-001,APOB-002,APOB-201,APOB_HUMAN,AY324608,Apolipoprotein B,Apolipoprotein B-100,Apolipoproteins,CAA26850.1,CAA27044.1,CAA27045.1,CAA28191.1,CAA28420.1,CAA28558.1,CAA28559.1,CAA28560.1,CAA28561.1,CAB016070,CCDS1703,CCDS1703.1,CHEMBL4549,ENSG00000084674,ENSP00000233242,ENSP00000325537,ENSP00000370431,ENSP00000382200,ENSP00000439731,ENSP00000477990,ENST00000233242,ENST00000317293,ENST00000381043,ENST00000399256,ENST00000535079,ENST00000616098,FLDB,HGNC:603,HPA049793,Hs.120759,J02610,K03175,KC818417,LDLCQ4,M10374,M12413,M12480,M12681,M14081,M14162,M15053,M15421,M17367,M17779,M18471,M19734,M19808,M19809,M19810,M19811,M19812,M19813,M19815,M19816,M19818,M19820,M19821,M19823,M19824,M19825,M19827,M19828,M31030,M36676,NM_000384,NM_000384.2,NP_000375,NP_000375.2,NX_P04114,O00502,OMIM:107730,OTTHUMG00000090785,OTTHUMP00000115994,OTTHUMP00000200559,OTTHUMT00000207571,OTTHUMT00000323949,P04114,P78479,P78480,P78481,Q13779,Q13785,Q13786,Q13787,Q13788,Q13828,Q4ZG63,Q53QC8,Q7Z600,Q9UE51,Q9UE52,Q9UE53,Q9UMN0,S5FVK9,UPI0000207FFF,UPI0004620B75,X03045,X03325,X03326,X04506,X04714,X04867,X04868,X04869,X04870,apoB-100,apoB-48,apolipoprotein B,hsa:338,uc002red.3
APOC3	9606.ENSP00000227667	https://smart.embl.de/smart/DDvec.cgi?smart=99:SIGNAL(1|20)+Pfam_Apo-CIII(22|90)+	Apolipoprotein C-III; Component of triglyceride-rich very low density lipoproteins (VLDL) and high density lipoproteins (HDL) in plasma. Plays a multifaceted role in triglyceride homeostasis. Intracellularly, promotes hepatic very low density lipoprotein 1 (VLDL1) assembly and secretion; extracellularly, attenuates hydrolysis and clearance of triglyceride-rich lipoproteins (TRLs). Impairs the lipolysis of TRLs by inhibiting lipoprotein lipase and the hepatic uptake of TRLs by remnant receptors. Formed of several curved helices connected via semiflexible hinges, so that it can wrap tigh [...] 	2JQ3,345,A3KPE2,AAA51760.1,AAA51761.1,AAB59372.1,AAB59515.1,AAH27977.1,AAI21082.1,AAI34420.1,AAQ91810.1,AAS68230.1,ACA05940.1,ACA05941.1,ACA05942.1,APOC3,APOC3-001,APOC3-002,APOC3-003,APOC3-004,APOC3_HUMAN,APOCIII,AY422951,Apolipoprotein C-III,Apolipoprotein C3,Apolipoproteins,B0YIW2,BC027977,BC121081,BC134419,C9J2Q0,CAA24757.1,CAA25233.1,CAA25644.1,CAA25648.1,CAA26895.1,CCDS8377,CCDS8377.1,EAW67272.1,EAW67273.1,EF444950,ENSG00000110245,ENSP00000227667,ENSP00000353540,ENSP00000364494,ENSP00000410614,ENST00000227667,ENST00000360377,ENST00000375345,ENST00000433777,ENST00000470144,HALP2,HGNC:610,Hs.73849,J00098,M28613,M28614,M33041,M33042,M33043,NM_000040,NM_000040.1,NP_000031,NP_000031.1,NX_P02656,OMIM:107720,OTTHUMG00000046115,OTTHUMP00000043270,OTTHUMP00000069352,OTTHUMP00000069353,OTTHUMT00000106284,OTTHUMT00000142232,OTTHUMT00000142233,OTTHUMT00000142234,P02656,Q08E83,Q6Q786,UPI0000125C26,UPI00004053F8,UPI000066D90C,V01513,X00567,X01388,X01392,X03120,apolipoprotein C-III,apolipoprotein C3,hsa:345,uc001ppt.1,uc001ppt.2
APP	9606.ENSP00000284981	https://smart.embl.de/smart/DDvec.cgi?smart=770:SIGNAL(1|17)+A4_EXTRA(24|188)+KU(289|342)+Pfam_APP_E2(366|548)+Pfam_Beta-APP(675|713)+Pfam_APP_amyloid(716|766)+	Amyloid-beta A4 protein; N-APP binds TNFRSF21 triggering caspase activation and degeneration of both neuronal cell bodies (via caspase-3) and axons (via caspase-6); Endogenous ligands	1AAP,1AMB,1AMC,1AML,1BA4,1BA6,1BJB,1BJC,1BRC,1CA0,1HZ3,1IYT,1MWP,1OWT,1QCM,1QWP,1QXC,1QYT,1TAW,1TKN,1UO7,1UO8,1UOA,1UOI,1X11,1Z0Q,1ZE7,1ZE9,1ZJD,2BEG,2BOM,2BP4,2FJZ,2FK1,2FK2,2FK3,2FKL,2FMA,2G47,2IPU,2LFM,2LLM,2LMN,2LMO,2LMP,2LMQ,2LNQ,2LOH,2LP1,2LZ3,2LZ4,2M4J,2M9R,2M9S,2MGT,2MJ1,2MPZ,2MVX,2MXU,2NAO,2OTK,2R0W,2WK3,2Y29,2Y2A,2Y3J,2Y3K,2Y3L,351,3AYU,3BAE,3BKJ,3DXC,3DXD,3DXE,3GCI,3IFL,3IFN,3IFO,3IFP,3JQ5,3JQL,3JTI,3KTM,3L33,3L81,3MOQ,3MXC,3MXY,3NYJ,3NYL,3OVJ,3OW9,3PZZ,3Q2X,3SV1,3U0T,3UMH,3UMI,3UMK,4HIX,4JFN,4M1C,4MDR,4MVI,4MVK,4MVL,4NGE,4OJF,4ONF,4ONG,4PQD,4PWQ,4XXD,5AEF,5AM8,5AMB,5BUO,5C67,5CSZ,5HOW,5HOX,5HOY,5KK3,5MY4,5MYO,5MYX,5OQV,5VZY,5W3P,609065,A4,A4_HUMAN,AAA,AAA35540.1,AAA51564.1,AAA51722.1,AAA51726.1,AAA51727.1,AAA51768.1,AAA58727.1,AAA60163.1,AAB23646.1,AAB26263.2,AAB26264.2,AAB26265.2,AAB59501.1,AAB59502.1,AAC13654.1,AAC60601.2,AAH04369.1,AAH65529.1,AAQ14327.1,AAW82435.1,AB066441,ABETA,ABPP,AD1,AF282245,AGD80371.1,AGD80372.1,AGD80373.1,AK295373,AK295621,AK312326,AP001439,AP001440,AP001441,AP001442,AP001443,APP,APP-001,APP-002,APP-003,APP-004,APP-005,APP-006,APP-007,APP-008,APP-009,APP-010,APP-012,APP-013,APP-014,APP-015,APP-016,APP-017,APP-201,APPI,AY919674,Alzheimer disease,Alzheimer disease amyloid protein,Amyloid beta (A4) precursor protein,Amyloid precursor protein,Amyloid-beta A4 protein,Amyloid-beta precursor protein,B2R5V1,B4DII8,B7Z313,BAA22264.1,BAB71958.2,BAG35248.1,BAG58500.1,BAH12049.1,BC004369,BC065529,CAA30041.1,CAA30042.1,CAA30050.1,CAA31830.1,CAA68374.1,CAB000157,CCDS13576,CCDS13576.1,CCDS13577,CCDS13577.1,CCDS33523,CCDS33523.1,CCDS46638,CCDS46638.1,CCDS46639,CCDS46639.1,CCDS56211,CCDS56211.1,CCDS56212,CCDS56212.1,CCDS56213,CCDS56213.1,CHEMBL2487,CTFgamma,CVAP,Cerebral vascular amyloid peptide,D3DSD1,D3DSD2,D3DSD3,D87675,E9PEV0,E9PG40,EAX09958.1,EAX09959.1,EAX09960.1,EAX09961.1,EAX09963.1,EAX09965.1,ENSG00000142192,ENSP00000284981,ENSP00000341686,ENSP00000345353,ENSP00000345463,ENSP00000345561,ENSP00000345999,ENSP00000346129,ENSP00000347366,ENSP00000350578,ENSP00000351796,ENSP00000352760,ENSP00000387483,ENSP00000388538,ENSP00000396923,ENSP00000397795,ENSP00000398879,ENSP00000406539,ENSP00000413101,ENST00000284981,ENST00000342864,ENST00000343355,ENST00000346798,ENST00000348990,ENST00000352374,ENST00000353407,ENST00000354192,ENST00000355226,ENST00000357903,ENST00000358918,ENST00000359726,ENST00000415997,ENST00000439274,ENST00000440126,ENST00000448388,ENST00000448850,ENST00000452232,ENST00000456209,ENST00000462267,ENST00000463070,ENST00000464867,ENST00000466453,ENST00000474136,ENST00000491395,ENST00000548570,Endogenous ligands,H7C104,HGNC:620,HPA001462,Hs.434980,Hs.713750,I02.015,KC148522,KC148523,KC156113,L7XCZ9,L7XE61,M15532,M15533,M16765,M18734,M24546,M24547,M28373,M29269,M29270,M33112,M34862,M34863,M34864,M34865,M34866,M34867,M34868,M34869,M34870,M34871,M34872,M34873,M34874,M34875,M34876,M34877,M34878,M34879,M35675,M37895,M37896,NM_000484,NM_000484.3,NM_001136016,NM_001136016.3,NM_001136129,NM_001136129.2,NM_001136130,NM_001136130.2,NM_001136131,NM_001136131.2,NM_001204301,NM_001204301.1,NM_001204302,NM_001204302.1,NM_001204303,NM_001204303.1,NM_201413,NM_201413.2,NM_201414,NM_201414.2,NP_000475,NP_000475.1,NP_001129488,NP_001129488.1,NP_001129601,NP_001129601.1,NP_001129602,NP_001129602.1,NP_001129603,NP_001129603.1,NP_001191230,NP_001191230.1,NP_001191231,NP_001191231.1,NP_001191232,NP_001191232.1,NP_958816,NP_958816.1,NP_958817,NP_958817.1,NX_P05067,OMIM:104760,OTTHUMG00000078438,OTTHUMP00000096095,OTTHUMP00000096096,OTTHUMP00000096097,OTTHUMP00000096098,OTTHUMP00000096099,OTTHUMP00000096150,OTTHUMP00000225525,OTTHUMP00000272882,OTTHUMP00000274887,OTTHUMT00000171337,OTTHUMT00000171338,OTTHUMT00000171339,OTTHUMT00000171340,OTTHUMT00000171341,OTTHUMT00000171342,OTTHUMT00000171343,OTTHUMT00000171344,OTTHUMT00000171414,OTTHUMT00000171415,OTTHUMT00000171417,OTTHUMT00000171418,OTTHUMT00000317329,OTTHUMT00000376685,OTTHUMT00000469095,OTTHUMT00000474185,P05067,P09000,P78438,PN-II,PN2,PreA4,Protease nexin-II,Q13764,Q13778,Q13793,Q16011,Q16014,Q16019,Q16020,Q6GSC0,Q8WZ99,Q9BT38,Q9UC33,Q9UCA9,Q9UCB6,Q9UCC8,Q9UCD1,Q9UQ58,S45136,S60317,S60721,S61380,S61383,UPI000002A2F2,UPI000002A2F6,UPI000002A2F7,UPI000002DB1C,UPI00001BE539,UPI0000E5A38A,UPI0000E5A38B,UPI00017A7091,UPI000182464C,UPI000182464D,X06981,X06982,X06989,X13466,X13467,X13468,X13469,X13470,X13471,X13472,X13473,X13474,X13475,X13476,X13477,X13478,X13479,X13487,X13488,Y00264,amyloid beta (A4) precursor protein,amyloid beta precursor protein,hsa:351,peptidase nexin-II,preA4,uc002ylz.3,uc002ylz.4,uc002yma.3,uc002ymb.3,uc010glj.3,uc010glk.3,uc011ach.2,uc011aci.2,uc021whz.1,uc021wia.1
BIN1	9606.ENSP00000316779	https://smart.embl.de/smart/DDvec.cgi?smart=593:BAR(17|269)+SH3(523|593)+	Myc box-dependent-interacting protein 1; May be involved in regulation of synaptic vesicle endocytosis. May act as a tumor suppressor and inhibits malignant cell transformation; N-BAR domain containing	1MUZ,1MV0,1MV3,274,2FIC,2RMY,2RND,5I22,A0A024RAE9,A0A024RAF0,A0A024RAF1,A0A024RAF6,A0A024RAG8,A0A024RAG9,A0A024RAI4,A0A024RAI5,A0A024RAI6,A0A024RAJ2,A0A024RAJ3,AAB61363.1,AAB63263.1,AAC17461.1,AAC23440.1,AAC23441.1,AAC23750.1,AAC23751.1,AAC24126.1,AAC24127.1,AAC24128.1,AAC28646.1,AAC39710.1,AAC39711.1,AAC39712.1,AAC39713.1,AAC51345.1,AAY24328.1,AC012508,AF001383,AF004015,AF043898,AF043899,AF043900,AF043901,AF068914,AF068915,AF068916,AF068917,AF068918,AF070576,AL713697,AMPH2,AMPHL,Amphiphysin II,Amphiphysin-like protein,BIN1,BIN1-001,BIN1-002,BIN1-003,BIN1-004,BIN1-005,BIN1-006,BIN1-007,BIN1-008,BIN1-010,BIN1-011,BIN1-012,BIN1-013,BIN1-014,BIN1-016,BIN1_HUMAN,Box-dependent myc-interacting protein 1,Bridging integrator 1,CAB001945,CAD28496.1,CCDS2137,CCDS2137.1,CCDS2138,CCDS2138.1,CCDS2139,CCDS2139.1,CCDS2140,CCDS2140.1,CCDS2141,CCDS2141.1,CCDS2142,CCDS2142.1,CCDS2143,CCDS2143.1,CCDS42743,CCDS42743.1,CCDS42744,CCDS42744.1,CCDS46403,CCDS46403.1,CCDS82508,CNM2,EAW95286.1,EAW95287.1,EAW95288.1,EAW95289.1,EAW95290.1,EAW95291.1,EAW95292.1,EAW95293.1,EAW95294.1,EAW95295.1,EAW95296.1,EAW95297.1,EAW95298.1,EAW95299.1,EAW95300.1,EAW95301.1,EAW95302.1,EAW95303.1,EAW95304.1,EAW95305.1,EAW95306.1,EAW95307.1,ENSG00000136717,ENSP00000259237,ENSP00000259238,ENSP00000314924,ENSP00000314956,ENSP00000314985,ENSP00000315073,ENSP00000315132,ENSP00000315284,ENSP00000315308,ENSP00000315360,ENSP00000315388,ENSP00000315411,ENSP00000316779,ENSP00000350654,ENSP00000365281,ENSP00000376760,ENSP00000376761,ENSP00000386797,ENST00000259237,ENST00000259238,ENST00000316657,ENST00000316666,ENST00000316672,ENST00000316683,ENST00000316688,ENST00000316700,ENST00000316705,ENST00000316712,ENST00000316714,ENST00000316716,ENST00000316724,ENST00000346226,ENST00000348750,ENST00000351659,ENST00000352848,ENST00000354045,ENST00000357970,ENST00000376113,ENST00000393040,ENST00000393041,ENST00000409400,ENST00000462958,ENST00000466111,ENST00000484253,HGNC:1052,HPA003894,HPA005437,Hs.193163,Hs.701247,Myc box-dependent-interacting protein 1,N-BAR domain containing,NM_001320632,NM_004305,NM_004305.3,NM_139343,NM_139343.2,NM_139344,NM_139344.2,NM_139345,NM_139345.2,NM_139346,NM_139346.2,NM_139347,NM_139347.2,NM_139348,NM_139348.2,NM_139349,NM_139349.2,NM_139350,NM_139350.2,NM_139351,NM_139351.2,NP_001307561.1,NP_001307562.1,NP_001307569.1,NP_001307570.1,NP_001307571.1,NP_004296,NP_004296.1,NP_647593,NP_647593.1,NP_647594,NP_647594.1,NP_647595,NP_647595.1,NP_647596,NP_647596.1,NP_647597,NP_647597.1,NP_647598,NP_647598.1,NP_647599,NP_647599.1,NP_647600,NP_647600.1,NP_647601,NP_647601.1,NX_O00499,O00297,O00499,O00545,O43867,O60552,O60553,O60554,O60555,O75514,O75515,O75516,O75517,O75518,OMIM:601248,OTTHUMG00000131465,OTTHUMP00000162177,OTTHUMP00000162178,OTTHUMP00000162179,OTTHUMP00000162180,OTTHUMP00000162181,OTTHUMP00000162182,OTTHUMP00000162183,OTTHUMP00000162184,OTTHUMP00000162185,OTTHUMP00000203785,OTTHUMP00000203786,OTTHUMT00000254298,OTTHUMT00000254299,OTTHUMT00000254300,OTTHUMT00000254301,OTTHUMT00000254302,OTTHUMT00000254303,OTTHUMT00000254304,OTTHUMT00000254305,OTTHUMT00000254306,OTTHUMT00000330943,OTTHUMT00000330944,OTTHUMT00000330945,OTTHUMT00000330946,OTTHUMT00000330948,Q659B7,Q92944,Q99688,SH3P9,U68485,U83999,U84001,U84002,U84003,U84004,U87558,UPI0000001303,UPI000002A4CF,UPI000002A4D0,UPI000002A4D1,UPI000002A4D2,UPI000002A4D3,UPI000002A4D4,UPI000002A4D5,UPI000002A4D6,UPI000002A4D7,UPI000002A4D8,XM_005263647,XM_005263647.1,XM_005263648,XM_005263648.1,XP_005263699,XP_005263699.1,XP_005263704,XP_005263704.1,XP_005263705,XP_005263705.1,XP_006712487,XP_006712487.1,XP_006712492,XP_006712492.1,amphiphysin II,bridging integrator 1,hsa:274,uc002tns.2,uc002tns.3,uc002tnt.2,uc002tnu.2,uc002tnv.2,uc002tnw.2,uc002tnx.2,uc002tny.2,uc002tnz.2,uc002toa.2,uc002tob.2,uc002toc.2
COL1A1	9606.ENSP00000225964	https://smart.embl.de/smart/DDvec.cgi?smart=1464:SIGNAL(1|22)+VWC(40|95)+Pfam_Collagen(107|163)+Pfam_Collagen(177|238)+Pfam_Collagen(236|295)+Pfam_Collagen(296|355)+Pfam_Collagen(353|415)+Pfam_Collagen(472|535)+Pfam_Collagen(716|790)+Pfam_Collagen(833|898)+Pfam_Collagen(1079|1138)+Pfam_Collagen(1133|1195)+COLFI(1228|1464)+	Collagen alpha-1(I) chain; Type I collagen is a member of group I collagen (fibrillar forming collagen); Collagens	1277,166240,1Q7D,259400,2LLP,3EJH,3GXE,5CTD,5CTI,5CVA,5CVB,5K31,AAA51847.1,AAA51992.1,AAA51993.1,AAA51995.1,AAA52036.1,AAA52049.1,AAA52052.1,AAA52289.1,AAA52290.1,AAA52291.1,AAA60150.1,AAA75386.1,AAB26324.1,AAB27856.1,AAB59363.1,AAB59373.1,AAB59576.1,AAB94054.3,AAH36531.1,AAN86574.1,AB209597,AF017178,Alpha-1 type I collagen,BAD92834.1,BC036531,CAA25394.1,CAA29605.1,CAA30731.1,CAA67261.1,CAA98968.1,CCDS11561,CCDS11561.1,CO1A1_HUMAN,COL1A1,COL1A1-001,COL1A1-002,COL1A1-003,COL1A1-004,COL1A1-005,COL1A1-006,COL1A1-007,COL1A1-008,COL1A1-009,COL1A1-013,COL1A1-014,COL1A1-016,COL1A1-018,Collagen alpha-1(I) chain,Collagen, type I, alpha 1,Collagens,D3DTX7,EAW94630.1,EAW94631.1,EDSARTH1,EDSC,ENSG00000108821,ENSP00000225964,ENSP00000324704,ENSP00000427643,ENSP00000460459,ENST00000225964,ENST00000320918,ENST00000463440,ENST00000471344,ENST00000474644,ENST00000476387,ENST00000485870,ENST00000486572,ENST00000494334,ENST00000495677,ENST00000502901,ENST00000504289,ENST00000507689,ENST00000510710,ENST00000511732,HGNC:2197,HPA008405,HPA011795,Hs.172928,Hs.600888,Hs.744900,I3L3H7,J00110,J00111,J00112,J00113,J02829,J03559,K01228,K03179,L47667,LRG_1,LRG_1t1,M10627,M11162,M20789,M23213,M32798,M36546,M55998,NM_000088,NM_000088.3,NP_000079,NP_000079.2,NX_P02452,O76045,OI1,OI2,OI3,OI4,OMIM:120150,OTTHUMG00000148674,OTTHUMP00000192905,OTTHUMP00000258264,OTTHUMT00000309036,OTTHUMT00000309037,OTTHUMT00000309038,OTTHUMT00000309039,OTTHUMT00000309040,OTTHUMT00000309041,OTTHUMT00000309042,OTTHUMT00000309043,OTTHUMT00000309044,OTTHUMT00000366880,OTTHUMT00000366881,OTTHUMT00000366883,OTTHUMT00000467339,P02452,P78441,Q13896,Q13902,Q13903,Q14037,Q14992,Q15176,Q15201,Q16050,Q59F64,Q6LAN8,Q7KZ30,Q7KZ34,Q8IVI5,Q8N473,Q9UMA6,Q9UML6,Q9UMM7,S58915,S64596,UPI0000DACAC3,UPI00025A2DC3,X00820,X06269,X07884,X98705,XP_005257115,XP_005257115.2,Z74615,collagen type I alpha 1 chain,collagen, type I, alpha 1,hsa:1277,uc002iqm.3,uc002iqm.4
COL1A2	9606.ENSP00000297268	https://smart.embl.de/smart/DDvec.cgi?smart=1366:SIGNAL(1|20)+Pfam_Collagen(29|82)+Pfam_Collagen(130|207)+Pfam_Collagen(460|529)+Pfam_Collagen(601|665)+Pfam_Collagen(1045|1114)+COLFI(1132|1366)+	Collagen alpha-2(I) chain; Type I collagen is a member of group I collagen (fibrillar forming collagen); Belongs to the fibrillar collagen family	1278,5CTD,5CTI,5CVA,A2TIK1,AAA51844.1,AAA51846.1,AAA51850.1,AAA51887.1,AAA51996.1,AAA52053.1,AAA59994.1,AAA60041.1,AAA60356.1,AAB22020.2,AAB22126.1,AAB22761.1,AAB59374.1,AAB59577.1,AAB69977.1,AAB93981.1,AAH42586.1,AAH54498.1,AAS02025.1,AB004317,ABM98097.1,AC002074,AF004877,Alpha-2 type I collagen,BAA25383.1,BC042586,BC054498,CAA23761.1,CAA26320.1,CAA39142.1,CAA68709.1,CAA98969.1,CAB032650,CCDS34682,CCDS34682.1,CHEMBL2685,CO1A2_HUMAN,COL1A2,COL1A2-001,COL1A2-002,COL1A2-003,COL1A2-004,COL1A2-005,COL1A2-006,COL1A2-007,COL1A2-008,COL1A2-009,COL1A2-010,COL1A2-011,COL1A2-012,COL1A2-201,Collagen alpha-2(I) chain,Collagen, type I, alpha 2,Collagens,EDSARTH2,EDSCV,EF202821,ENSG00000164692,ENSP00000297268,ENSP00000324310,ENSP00000324546,ENSP00000377927,ENSP00000439395,ENSP00000477719,ENST00000297268,ENST00000315737,ENST00000315747,ENST00000394405,ENST00000461525,ENST00000464916,ENST00000467931,ENST00000469732,ENST00000473573,ENST00000478215,ENST00000481570,ENST00000488121,ENST00000488298,ENST00000492110,ENST00000497316,ENST00000545487,ENST00000620463,HGNC:2198,Hs.489142,Hs.629269,J00114,J03464,K01078,K02568,L47668,LRG_2,LRG_2t1,M21353,M21671,M22816,M22817,M28985,M35391,NM_000089,NM_000089.3,NP_000080,NP_000080.2,NX_P08123,OI4,OMIM:120160,OTTHUMG00000148675,OTTHUMP00000192906,OTTHUMT00000309045,OTTHUMT00000309046,OTTHUMT00000309048,OTTHUMT00000309049,OTTHUMT00000309050,OTTHUMT00000309051,OTTHUMT00000309052,OTTHUMT00000309053,OTTHUMT00000309054,OTTHUMT00000309055,OTTHUMT00000309056,OTTHUMT00000340750,P02464,P08123,Q13897,Q13997,Q13998,Q14038,Q14057,Q15177,Q15947,Q16480,Q16511,Q75N18,Q7Z5S6,Q9UEB6,Q9UEF9,Q9UM83,Q9UMI1,Q9UML5,Q9UMM6,Q9UPH0,S41099,S96821,S98904,UPI00003B0CFC,V00503,X02488,X55525,Y00724,Z74616,alpha 2(I)-collagen,alpha-2 collagen type I,collagen I, alpha-2 polypeptide,collagen of skin, tendon and bone, alpha-2 chain,collagen type I alpha 2,collagen type I alpha 2 chain,collagen, type I, alpha 2,hsa:1278,osteogenesis imperfecta type IV,type I procollagen,uc003ung.1
CRLF3	9606.ENSP00000318804	https://smart.embl.de/smart/DDvec.cgi?smart=442:COIL(10|46)+FN3(179|260)+	Cytokine receptor-like factor 3; May play a role in the negative regulation of cell cycle progression; Fibronectin type III domain containing	51379,A6NJF3,AAD02422.1,AAD31758.1,AAH23567.2,ABC55264.1,AF046059,AF120151,AK296238,AK313315,B2R8C3,B4DJU5,BAG36120.1,BAG58957.1,BC023567,CCDS32607,CCDS32607.1,CCQ43529.1,CREME-9,CREME9,CRLF3,CRLF3-001,CRLF3-002,CRLF3-004,CRLF3-005,CRLF3-006,CRLF3-007,CRLF3_HUMAN,CRLM9,CYTOR4,Cytokine receptor-like factor 3,Cytokine receptor-like molecule 9,Cytokine receptor-related protein 4,DQ298450,ENSG00000176390,ENSP00000318804,ENSP00000332747,ENSP00000374266,ENSP00000374267,ENSP00000444188,ENSP00000462643,ENSP00000463689,ENST00000324238,ENST00000331962,ENST00000389615,ENST00000389616,ENST00000544695,ENST00000577725,ENST00000578692,ENST00000583527,ENST00000583805,ENST00000585268,FRWS,Fibronectin type III domain containing,HF584032,HGNC:17177,HPA007596,Hs.370168,Hs.649372,J3KST8,L8E8Q9,NM_015986,NM_015986.3,NP_057070,NP_057070.3,NX_Q8IUI8,OMIM:614853,OTTHUMG00000179005,OTTHUMP00000260488,OTTHUMP00000260489,OTTHUMP00000260490,OTTHUMT00000444352,OTTHUMT00000444353,OTTHUMT00000444354,OTTHUMT00000444356,OTTHUMT00000444357,OTTHUMT00000444358,P48,Q2MLY7,Q8IUI8,Q9UNI3,Q9Y6M8,Type I cytokine receptor-like factor p48,UPI0000231BEA,UPI000268B068,UPI000268B069,XM_006721941,XM_006721941.1,XP_006722004,XP_006722004.1,cytokine receptor like factor 3,cytokine receptor-like factor 3,hsa:51379,p48.2,uc002hfr.4,uc002hfr.5
CRP	9606.ENSP00000255030	https://smart.embl.de/smart/DDvec.cgi?smart=224:SIGNAL(1|16)+PTX(19|224)+	C-reactive protein; Displays several functions associated with host defense: it promotes agglutination, bacterial capsular swelling, phagocytosis and complement fixation through its calcium-dependent binding to phosphorylcholine. Can interact with DNA and histones and may scavenge nuclear material released from damaged circulating cells; Short pentraxins	1401,1B09,1CRV,1GNH,1LJ7,3L2Y,3PVN,3PVO,A8K078,AAA52074.1,AAA52075.1,AAA52076.1,AAB59526.1,AAH20766.1,AAI25136.1,AAL40835.1,AAL48218.2,AF442818,AF449713,AK289443,BAF82132.1,BC020766,BC125135,C-reactive protein,C-reactive protein, pentraxin-related,C9JRE9,CAA39671.1,CAA40020.1,CAB005036,CAH73654.1,CAH73656.1,CCDS30911,CCDS30911.1,CRP,CRP-001,CRP-002,CRP-003,CRP-004,CRP-005,CRP-006,CRP-201,CRP_HUMAN,D3DVD9,D3DVE0,EAW52778.1,EAW52779.1,EAW52780.1,ENSG00000132693,ENSP00000255030,ENSP00000319435,ENSP00000340882,ENSP00000357091,ENSP00000357092,ENSP00000357093,ENSP00000388988,ENSP00000402788,ENST00000255030,ENST00000325798,ENST00000343919,ENST00000368110,ENST00000368111,ENST00000368112,ENST00000437342,ENST00000447843,ENST00000473196,ENST00000489317,HGNC:2367,HPA027367,HPA027396,Hs.709456,Hs.76452,K00518,M11725,M11880,M35163,NM_000567,NM_000567.2,NP_000558,NP_000558.2,NP_001315986.1,NP_001315987.1,NX_P02741,OMIM:123260,OTTHUMG00000035344,OTTHUMP00000033307,OTTHUMP00000033308,OTTHUMP00000033309,OTTHUMP00000033310,OTTHUMT00000085553,OTTHUMT00000085554,OTTHUMT00000085555,OTTHUMT00000085556,OTTHUMT00000085557,OTTHUMT00000085558,P02741,PTX1,Q08AK3,Q5VVP7,Q8WW75,Short pentraxins,UPI000002A72A,UPI0000128478,UPI0000204B42,UPI000035ECC5,X56214,X56692,hsa:1401,pentraxin 1,uc001ftw.3,uc001ftx.1,uc001fty.1
CXCL9	9606.ENSP00000354901	https://smart.embl.de/smart/DDvec.cgi?smart=125:SIGNAL(1|22)+SCY(28|89)+	C-X-C motif chemokine 9; Cytokine that affects the growth, movement, or activation state of cells that participate in immune and inflammatory response. Chemotactic for activated T-cells. Binds to CXCR3; Belongs to the intercrine alpha (chemokine CxC) family	4283,AAH63122.1,AAH95396.1,BC063122,BC095396,C-X-C motif chemokine 9,C-X-C motif chemokine ligand 9,CAA51284.1,CCDS34014,CCDS34014.1,CMK,CXCL9,CXCL9-001,CXCL9_HUMAN,Chemokine (C-X-C motif) ligand 9,Chemokine ligands,ENSG00000138755,ENSP00000264888,ENSP00000354901,ENST00000264888,Endogenous ligands,Gamma-interferon-induced monokine,HGNC:7098,Hs.77367,Humig,MIG,Monokine induced by interferon-gamma,NM_002416,NM_002416.1,NP_002407,NP_002407.1,NX_Q07325,OMIM:601704,OTTHUMG00000160889,OTTHUMP00000219216,OTTHUMT00000362819,Q07325,Q503B4,SCYB9,Small-inducible cytokine B9,UPI000004062E,X72755,chemokine (C-X-C motif) ligand 9,chemokine ligand 9,crg-10,hsa:4283,monokine induced by gamma interferon,uc003hjh.1,uc003hjh.2
ENPP2	9606.ENSP00000259486	https://smart.embl.de/smart/DDvec.cgi?smart=915:TRANS(12|31)+SO(55|98)+SO(99|142)+Pfam_Phosphodiest(166|530)+NUC(667|897)+	Ectonucleotide pyrophosphatase/phosphodiesterase family member 2; Hydrolyzes lysophospholipids to produce lysophosphatidic acid (LPA) in extracellular fluids. Major substrate is lysophosphatidylcholine. Also can act on sphingosylphosphphorylcholine producing sphingosine-1-phosphate, a modulator of cell motility. Can hydrolyze, in vitro, bis-pNPP, to some extent pNP-TMP, and barely ATP. Involved in several motility- related processes such as angiogenesis and neurite outgrowth. Acts as an angiogenic factor by stimulating migration of smooth muscle cells and microtubule formation. Stimula [...] 	3.1.4.1,3.1.4.39,3.6.1.9,4ZG6,4ZG7,4ZG9,4ZGA,5168,5KXA,5M7M,5MHP,A8UHA1,AAA64785.1,AAB00855.1,AAH34961.1,ABW38316.2,AC099818,ATX,ATX-X,AUTOTAXIN,Autotaxin,BAA08260.1,BAA08342.1,BC034961,CCDS34936,CCDS34936.1,CCDS47914,CCDS47914.1,CCDS6329,CCDS6329.1,CCDS83317,CHEMBL3691,D45421,D45914,E5RIA2,E5RIB9,E5RJ49,E7EUF1,E9PHP7,EC 3.1.4.39,ENPP2,ENPP2-001,ENPP2-002,ENPP2-003,ENPP2-004,ENPP2-005,ENPP2-006,ENPP2-007,ENPP2-008,ENPP2-009,ENPP2_HUMAN,ENSG00000136960,ENSP00000075322,ENSP00000259486,ENSP00000403315,ENSP00000428291,ENSP00000428304,ENSP00000429447,ENSP00000429476,ENST00000075322,ENST00000259486,ENST00000427067,ENST00000518109,ENST00000518958,ENST00000520066,ENST00000522167,ENST00000522826,ENST00000523861,EU131011,Extracellular lysophospholipase D,HGNC:3357,HPA023700,Hs.190977,L35594,L46720,LysoPLD,NM_001040092,NM_001040092.2,NM_001130863,NM_001130863.2,NM_006209,NM_006209.4,NPP2,NP_001035181,NP_001035181.1,NP_001124335,NP_001124335.1,NP_006200,NP_006200.3,NX_Q13822,OMIM:601060,OTTHUMG00000164995,OTTHUMP00000228158,OTTHUMP00000228159,OTTHUMP00000228160,OTTHUMP00000228161,OTTHUMP00000228162,OTTHUMP00000228163,OTTHUMP00000228164,OTTHUMT00000381385,OTTHUMT00000381386,OTTHUMT00000381387,OTTHUMT00000381388,OTTHUMT00000381389,OTTHUMT00000381390,OTTHUMT00000381391,OTTHUMT00000381392,OTTHUMT00000381393,PD-IALPHA,PDNP2,Q13822,Q13827,Q14555,Q15117,Q9UCQ8,Q9UCR0,Q9UCR1,Q9UCR2,Q9UCR3,Q9UCR4,UPI000013C57A,UPI000013D05C,UPI0000210506,UPI0000E5AF46,UPI0001E8F772,UPI0001E8F773,UPI0001E8F774,XM_006716587,XM_006716587.1,XP_006716648,XP_006716648.1,XP_006716650,XP_006716650.1,autotaxin,hsa:5168,uc003yor.2,uc003yos.2,uc003yos.3,uc003yot.2,uc010mdd.2
HAVCR2	9606.ENSP00000312002	https://smart.embl.de/smart/DDvec.cgi?smart=301:IG(23|130)+TRANS(202|224)+	Hepatitis A virus cellular receptor 2; Cell surface receptor implicated in modulating innate and adaptive immune responses. Generally accepted to have an inhibiting function. Reports on stimulating functions suggest that the activity may be influenced by the cellular context and/or the respective ligand. Regulates macrophage activation. Inhibits T-helper type 1 lymphocyte (Th1)-mediated auto- and alloimmune responses and promotes immunological tolerance. In CD8+ cells attenuates TCR-induced signaling, specifically by blocking NF- kappaB and NFAT promoter activities resulting in the los [...] 	5DZL,5F71,84868,AAH20843.1,AAH63431.1,AAL55401.1,AAM19100.1,AC011377,AF251707,AK027334,AK314406,AY069944,B2RAY2,BAB55044.1,BAG37029.1,BC020843,BC063431,CAB026003,CCDS4333,CCDS4333.1,CD366,E5RFR4,E5RHN3,EAW61614.1,ENSG00000135077,ENSP00000312002,ENSP00000430328,ENSP00000430873,ENST00000307851,ENST00000517358,ENST00000521665,ENST00000522593,ENST00000522902,ENST00000524219,FLJ14428,HAVCR2,HAVCR2-001,HAVCR2-002,HAVCR2-004,HAVCR2-005,HAVCR2-006,HAVCR2-007,HAVR2_HUMAN,HAVcr-2,HGNC:18437,HPA010505,Hepatitis A virus cellular receptor 2,Hs.710500,KIM-3,NM_032782,NM_032782.4,NP_116171,NP_116171.3,NX_Q8TDQ0,OMIM:606652,OTTHUMG00000130249,OTTHUMP00000160742,OTTHUMP00000224056,OTTHUMP00000224057,OTTHUMT00000252574,OTTHUMT00000373701,OTTHUMT00000373703,OTTHUMT00000373704,OTTHUMT00000373705,OTTHUMT00000373706,Q8TDQ0,Q8WW60,Q96K94,T-cell immunoglobulin mucin family member 3,T-cell immunoglobulin mucin receptor 3,T-cell membrane protein 3,TIM3,TIMD-3,TIMD3,Tim-3,UPI000011AAFA,UPI0001E8F546,UPI0001E8F547,V-set domain containing,hepatitis A virus cellular receptor 2,hsa:84868,uc003lwk.2,uc003lwk.3
IGFALS	9606.ENSP00000416683	https://smart.embl.de/smart/DDvec.cgi?smart=643:LRRNT(78|116)+LRR(115|134)+LRR(135|158)+LRR_TYP(159|182)+LRR(183|206)+LRR_TYP(207|230)+LRR_TYP(231|254)+LRR_TYP(255|278)+LRR_TYP(279|302)+LRR(303|326)+LRR_TYP(327|350)+LRR_TYP(351|374)+LRR_TYP(375|398)+LRR_TYP(399|422)+LRR(423|446)+LRR(447|470)+LRR_TYP(471|494)+LRR_TYP(495|518)+LRR(519|542)+LRR(543|569)+LRRCT(574|622)+	Insulin-like growth factor-binding protein complex acid labile subunit; Involved in protein-protein interactions that result in protein complexes, receptor-ligand binding or cell adhesion	3483,AAA36047.1,AAF06774.1,ACLSD,AF192554,AK303146,AL031724,ALS,ALS_HUMAN,B4DZY8,BAG64250.1,CAC36078.1,CCDS10446,CCDS10446.1,CCDS53982,CCDS53982.1,E9PGU3,ENSG00000099769,ENSP00000215539,ENSP00000416683,ENSP00000456923,ENST00000215539,ENST00000415638,ENST00000568221,H3BSX8,HGNC:5468,HPA040692,HPA040948,Hs.839,IGFALS,IGFALS-001,IGFALS-002,IGFALS-004,M86826,NM_001146006,NM_001146006.1,NM_004970,NM_004970.2,NP_001139478,NP_001139478.1,NP_004961,NP_004961.1,NX_P35858,OMIM:601489,OTTHUMG00000128638,OTTHUMP00000158804,OTTHUMP00000255022,OTTHUMP00000255023,OTTHUMT00000250509,OTTHUMT00000433576,OTTHUMT00000433578,P35858,UPI000000088A,UPI00019863AB,UPI0002466D80,hsa:3483,uc002cmy.3,uc002cmy.4,uc010uvn.2
IL18BP	9606.ENSP00000384212	https://smart.embl.de/smart/DDvec.cgi?smart=194:SIGNAL(1|30)+	Interleukin-18-binding protein; Isoform A binds to IL-18 and inhibits its activity. Functions as an inhibitor of the early TH1 cytokine response; Immunoglobulin like domain containing	10068,A0A024R5G2,A0A024R5I1,A0A024R5M7,AAD17187.1,AAD17188.1,AAD17189.1,AAD17190.1,AAD17191.1,AAD17192.1,AAD41051.1,AAD41053.1,AAF31697.1,AAH44215.1,AB019504,AF110798,AF110799,AF110800,AF110801,AF122906,AF122908,AF215907,AK098255,B3KUZ0,B7WPK4,BAA76374.1,BAG53602.1,BC044215,CAB025980,CCDS44666,CCDS44666.1,CCDS8206,CCDS8206.2,EAW74812.1,EAW74813.1,EAW74814.1,EAW74815.1,EAW74816.1,EAW74817.1,EAW74818.1,EAW74819.1,EAW74820.1,ENSG00000137496,ENSP00000260049,ENSP00000289458,ENSP00000312765,ENSP00000338723,ENSP00000343309,ENSP00000352247,ENSP00000352970,ENSP00000377306,ENSP00000377308,ENSP00000377310,ENSP00000384212,ENSP00000409614,ENSP00000434376,ENSP00000434717,ENSP00000434835,ENSP00000480621,ENST00000260049,ENST00000289458,ENST00000314403,ENST00000337131,ENST00000343898,ENST00000359298,ENST00000359899,ENST00000393703,ENST00000393705,ENST00000393707,ENST00000404792,ENST00000414358,ENST00000497194,ENST00000525932,ENST00000531053,ENST00000531777,ENST00000534583,ENST00000620017,G3V1C5,HGNC:5987,Hs.591967,I18BP_HUMAN,IL18BP,IL18BP-001,IL18BP-002,IL18BP-003,IL18BP-004,IL18BP-005,IL18BP-008,IL18BP-009,IL18BP-010,IL18BP-011,IL18BP-012,IL18BP-013,IL18BP-201,IL18BP-202,IL18BP-203,IL18BPa,Immunoglobulin like domain containing,Interleukin 18 binding protein,Interleukin-18-binding protein,MC51L-53L-54L homolog gene product,NM_001039659,NM_001039659.1,NM_001039660,NM_001039660.1,NM_001145055,NM_001145055.1,NM_001145057,NM_001145057.1,NM_005699,NM_005699.3,NM_173042,NM_173042.2,NM_173044,NM_173044.2,NP_001034748,NP_001034748.1,NP_001034749,NP_001034749.1,NP_001138527,NP_001138527.1,NP_001138529,NP_001138529.1,NP_005690,NP_005690.2,NP_766630,NP_766630.2,NP_766632,NP_766632.2,NX_O95998,O95993,O95998,O96027,OMIM:604113,OTTHUMG00000133713,OTTHUMP00000165108,OTTHUMP00000179141,OTTHUMP00000179142,OTTHUMP00000179143,OTTHUMP00000196341,OTTHUMP00000236509,OTTHUMP00000236510,OTTHUMP00000236511,OTTHUMT00000258012,OTTHUMT00000277121,OTTHUMT00000277122,OTTHUMT00000277123,OTTHUMT00000277124,OTTHUMT00000277127,OTTHUMT00000395680,OTTHUMT00000395681,OTTHUMT00000395682,OTTHUMT00000395683,OTTHUMT00000395684,Q9NZA9,Q9UBR7,Q9UNH2,Tadekinig-alfa,UPI000000DA78,UPI000013F800,UPI0000405DC0,UPI0000D487E5,XM_006718404,XM_006718404.1,XP_005273762,XP_005273762.1,XP_006718466,XP_006718466.1,XP_006718467,XP_006718467.1,XP_006718468,XP_006718468.1,XP_006718469,XP_006718469.1,XP_006718470,XP_006718470.1,XP_006718471,XP_006718471.1,XP_006718472,XP_006718472.1,XP_006718473,XP_006718473.1,XP_016872548.1,XP_016872549.1,XP_016872550.1,XP_016872551.1,XP_016872552.1,hsa:10068,interleukin 18 binding protein,uc001ore.1,uc001ore.2,uc001orf.1,uc001orf.2,uc001org.1,uc001orh.2,uc001ori.2,uc009ysv.1,uc021qmv.1
LGALS3	9606.ENSP00000254301	https://smart.embl.de/smart/DDvec.cgi?smart=250:Gal-bind_lectin(122|247)+	Galectin-3; Galactose-specific lectin which binds IgE. May mediate with the alpha-3, beta-1 integrin the stimulation by CSPG4 of endothelial cells migration. Together with DMBT1, required for terminal differentiation of columnar epithelial cells during early embryogenesis (By similarity). In the nucleus: acts as a pre-mRNA splicing factor. Involved in acute inflammatory responses including neutrophil activation and adhesion, chemoattraction of monocytes macrophages, opsonization of apoptotic neutrophils, and activation of mast cells; Endogenous ligands	137033,1A3K,1KJL,1KJR,2NMN,2NMO,2NN8,2XG3,35 kDa lectin,3958,3AYA,3AYC,3AYD,3AYE,3T1L,3T1M,3ZSJ,3ZSK,3ZSL,3ZSM,4BLI,4BLJ,4BM8,4JC1,4JCK,4LBJ,4LBK,4LBL,4LBM,4LBN,4LBO,4R9A,4R9B,4R9C,4R9D,4RL7,4XBN,5E88,5E89,5E8A,5EXO,5H9P,5H9R,5IUQ,5NF7,5NF9,5NFA,5NFB,5NFC,A0A024R693,AAA35607.1,AAA36163.1,AAA88086.1,AAB26229.1,AAB86584.1,AAH01120.1,AAH53667.1,AB006780,AB086821,AF031422,AF031423,AF031424,AF031425,AK314929,B2RC38,BAA22164.1,BAC45249.1,BAG37435.1,BC001120,BC053667,BX161455,CAB005191,CAD61918.1,CAG33178.1,CBP35,CCDS41956,CCDS41956.1,CHEMBL4531,CR456897,Carbohydrate-binding protein 35,EAW80658.1,EAW80660.1,ENSG00000131981,ENSP00000254301,ENSP00000312610,ENSP00000382057,ENSP00000451381,ENSP00000451526,ENST00000254301,ENST00000312273,ENST00000399106,ENST00000553493,ENST00000553755,ENST00000554715,ENST00000556263,ENST00000556322,ENST00000556438,Endogenous ligands,G3V3R6,G3V407,GAL3,GALBP,GALIG,Galactose-specific lectin 3,Galactoside-binding protein,Galectin-3,Galectins,HGNC:6563,HPA003162,Hs.531081,IgE-binding protein,L-31,L31,LEG3_HUMAN,LGALS2,LGALS3,LGALS3-001,LGALS3-002,LGALS3-003,LGALS3-004,LGALS3-005,LGALS3-007,LGALS3-008,Laminin-binding protein,Lectin L-29,Lectin, galactoside-binding, soluble, 3,M35368,M36682,M57710,M64303,MAC-2,MAC2,Mac-2 antigen,NM_002306,NM_002306.3,NP_002297,NP_002297.2,NR_003225,NR_003225.2,NX_P17931,OMIM:153619,OTTHUMG00000171030,OTTHUMP00000244926,OTTHUMP00000244927,OTTHUMP00000244928,OTTHUMT00000411308,OTTHUMT00000411309,OTTHUMT00000411310,OTTHUMT00000411311,OTTHUMT00000411312,OTTHUMT00000411313,OTTHUMT00000411314,P17931,Q16005,Q6IBA7,Q86TY5,Q8IXB9,Q96J47,S59012,UPI000004E613,UPI00021CF03D,UPI00021CF03E,advanced glycation end-product receptor 3,galectin 3,hsa:3958,lectin, galactoside-binding, soluble, 3,uc001xbr.3,uc001xbr.4
LGALS3BP	9606.ENSP00000262776	https://smart.embl.de/smart/DDvec.cgi?smart=585:SIGNAL(1|18)+SR(24|124)+BACK(260|360)+	Galectin-3-binding protein; Promotes integrin-mediated cell adhesion. May stimulate host defense against viruses and tumor cells; BTB domain containing	1BY2,3959,90K,AAA36193.1,AAH02403.1,AAH02998.1,AAH15761.1,AK301040,B4DVE1,BAG62653.1,BC002403,BC002998,BC015761,BTB domain containing,BTBD17B,Basement membrane autoantigen p105,CAA55699.1,CAB002158,CCDS11759,CCDS11759.1,CyCAP,ENSG00000108679,ENSP00000262776,ENSP00000315810,ENSP00000316277,ENSP00000407937,ENSP00000411328,ENSP00000438601,ENSP00000465120,ENSP00000465380,ENSP00000465729,ENSP00000465982,ENSP00000466318,ENSP00000466333,ENSP00000466850,ENSP00000467211,ENSP00000467646,ENSP00000467976,ENSP00000468131,ENSP00000468480,ENSP00000468586,ENSP00000468774,ENST00000262776,ENST00000315053,ENST00000315071,ENST00000418895,ENST00000431152,ENST00000536190,ENST00000585407,ENST00000586300,ENST00000586720,ENST00000587251,ENST00000587310,ENST00000587311,ENST00000588198,ENST00000588205,ENST00000588508,ENST00000588587,ENST00000588899,ENST00000588990,ENST00000589527,ENST00000589775,ENST00000589906,ENST00000591274,ENST00000591778,ENST00000592255,Endogenous ligands,Galectin-3-binding protein,HGNC:6564,HPA000554,Hs.514535,K7EJD3,K7EJY8,K7EKQ5,K7ELA1,K7EM15,K7EN99,K7EP36,K7EQT9,K7ER67,K7ERZ6,K7ES75,K7ESM3,L13210,L3 antigen,LG3BP_HUMAN,LGALS3BP,LGALS3BP-001,LGALS3BP-002,LGALS3BP-003,LGALS3BP-004,LGALS3BP-005,LGALS3BP-006,LGALS3BP-007,LGALS3BP-009,LGALS3BP-010,LGALS3BP-011,LGALS3BP-012,LGALS3BP-013,LGALS3BP-014,LGALS3BP-016,LGALS3BP-017,LGALS3BP-018,LGALS3BP-019,LGALS3BP-020,LGALS3BP-021,M2BP,MAC-2-BP,Mac-2-binding protein,NM_005567,NM_005567.3,NP_005558,NP_005558.1,NX_Q08380,OMIM:600626,OTTHUMG00000177572,OTTHUMP00000257084,OTTHUMP00000257085,OTTHUMP00000257086,OTTHUMP00000257089,OTTHUMP00000257090,OTTHUMP00000257091,OTTHUMP00000257152,OTTHUMP00000257153,OTTHUMP00000257154,OTTHUMP00000257155,OTTHUMP00000257156,OTTHUMP00000257157,OTTHUMP00000257158,OTTHUMP00000257159,OTTHUMP00000269077,OTTHUMT00000437784,OTTHUMT00000437785,OTTHUMT00000437786,OTTHUMT00000437790,OTTHUMT00000437791,OTTHUMT00000437792,OTTHUMT00000437899,OTTHUMT00000437900,OTTHUMT00000437901,OTTHUMT00000437902,OTTHUMT00000437903,OTTHUMT00000437904,OTTHUMT00000437905,OTTHUMT00000437906,OTTHUMT00000437907,OTTHUMT00000437908,OTTHUMT00000437909,OTTHUMT00000437910,OTTHUMT00000437911,Q08380,Q7M4S0,Q9UCH8,Q9UCH9,Q9UCI0,TANGO10B,Tumor-associated antigen 90K,UPI000006E64A,UPI0000200402,UPI0000E5A0DE,UPI0001A735F4,UPI0002841156,UPI0002841157,UPI0002841158,UPI0002841159,UPI000284115A,UPI000284115B,UPI000284115C,UPI000284115D,UPI00038BB01B,X79089,galectin 3 binding protein,gp90,hsa:3959,serum protein 90K,transport and golgi organization 10 homolog B,uc002jwh.3,uc002jwh.4
LPL	9606.ENSP00000309757	https://smart.embl.de/smart/DDvec.cgi?smart=475:Pfam_Lipase(17|338)+LH2(341|465)+	Lipoprotein lipase; The primary function of this lipase is the hydrolysis of triglycerides of circulating chylomicrons and very low density lipoproteins (VLDL). Binding to heparin sulfate proteogylcans at the cell surface is vital to the function. The apolipoprotein, APOC2, acts as a coactivator of LPL activity in the presence of lipids on the luminal surface of vascular endothelium (By similarity); Belongs to the AB hydrolase superfamily. Lipase family	3.1.1.34,4023,AAA59528.1,AAB20999.1,AAB21000.1,AAB59536.1,AAC61679.1,AAH11353.1,AAP35372.1,AAY85371.1,AC100802,AC107964,AF050163,AK312311,B2R5T9,BAG35236.1,BC011353,BT006726,CAA32564.1,CAA38372.1,CAA48230.1,CCDS6012,CCDS6012.1,CHEMBL2060,DQ083390,E5RHN7,E5RJI0,E5RJZ4,E7EW14,EAW63764.1,EC 3.1.1.34,ENSG00000175445,ENSP00000309757,ENSP00000428237,ENSP00000428496,ENSP00000428557,ENSP00000431028,ENSP00000438606,ENSP00000439407,ENST00000311322,ENST00000519773,ENST00000520959,ENST00000521994,ENST00000522701,ENST00000523696,ENST00000524029,ENST00000535763,ENST00000538071,HDLCQ11,HGNC:6677,HPA048749,Hs.180878,Hs.619595,LIPD,LIPL_HUMAN,LPL,LPL-001,LPL-003,LPL-004,LPL-005,LPL-006,LPL-007,LPL-008,Lipases,Lipoprotein lipase,M15856,M76722,NM_000237,NM_000237.2,NP_000228,NP_000228.1,NX_P06858,OMIM:609708,OTTHUMG00000036645,OTTHUMP00000034806,OTTHUMP00000224634,OTTHUMP00000224635,OTTHUMP00000224636,OTTHUMP00000224711,OTTHUMT00000089113,OTTHUMT00000374962,OTTHUMT00000374963,OTTHUMT00000374964,OTTHUMT00000374966,OTTHUMT00000375114,OTTHUMT00000375115,P06858,Q16282,Q16283,Q4JIZ7,Q71UV2,Q96FC4,S76076,S76077,UPI0000036334,UPI0001E8F0B9,UPI0001E8F0BA,UPI0001E8F0BB,UPI0001E8F0BC,X14390,X54516,X68111,hsa:4023,lipoprotein lipase,uc003wzk.4,uc003wzk.5
MAPT	9606.ENSP00000340820	https://smart.embl.de/smart/DDvec.cgi?smart=776:Pfam_Tubulin-binding(579|609)+Pfam_Tubulin-binding(610|640)+Pfam_Tubulin-binding(641|671)+Pfam_Tubulin-binding(672|703)+	Microtubule-associated protein tau; Promotes microtubule assembly and stability, and might be involved in the establishment and maintenance of neuronal polarity. The C-terminus binds axonal microtubules while the N- terminus binds neural plasma membrane components, suggesting that tau functions as a linker protein between both. Axonal polarity is predetermined by TAU/MAPT localization (in the neuronal cell) in the domain of the cell body defined by the centrosome. The short isoforms allow plasticity of the cytoskeleton whereas the longer isoforms may preferentially play a role in its s [...] 	168610,1I8H,2MZ7,2ON9,3OVL,4137,4E0M,4E0N,4E0O,4FL5,4GLR,4NP8,4TQE,4Y32,4Y3B,4Y5I,5DMG,5E2V,5E2W,5HF3,5K7N,5O3L,5O3O,5O3T,601630,601875,A0A024R9Y1,AAA57264.1,AAA60615.1,AAC04277.1,AAC04278.1,AAC04279.1,AAH00558.1,AAH98281.1,AAH99721.1,AAI01937.1,AAI14505.1,AAI14949.1,AAP35418.1,AAS17881.1,AAU45390.1,AC004139,AC010792,AC217779,AF027491,AF027492,AF027493,AF027494,AF027495,AF027496,AF047856,AF047857,AF047858,AF047859,AF047860,AF047861,AF047862,AF047863,AY526356,AY730549,BC000558,BC098281,BC099721,BC101936,BC114504,BC114948,BN000503,BT006772,CAA32636.1,CAB000151,CAG26750.1,CCDS11499,CCDS11499.1,CCDS11500,CCDS11500.1,CCDS11501,CCDS11501.1,CCDS11502,CCDS11502.1,CCDS45715,CCDS45715.1,CCDS45716,CCDS45716.1,CCDS56033,CCDS56033.1,CHEMBL1293224,DDPAC,EAW93565.1,EAW93572.1,ENSG00000186868,ENSP00000262410,ENSP00000302706,ENSP00000303214,ENSP00000334886,ENSP00000340438,ENSP00000340820,ENSP00000346287,ENSP00000387667,ENSP00000389250,ENSP00000408975,ENSP00000410838,ENSP00000413056,ENSP00000443028,ENSP00000458621,ENSP00000458742,ENSP00000460048,ENSP00000460965,ENST00000262410,ENST00000306403,ENST00000306424,ENST00000334239,ENST00000340799,ENST00000344290,ENST00000347967,ENST00000351559,ENST00000354326,ENST00000415613,ENST00000420682,ENST00000431008,ENST00000446361,ENST00000447599,ENST00000535772,ENST00000570299,ENST00000571311,ENST00000571987,ENST00000572440,ENST00000574436,ENST00000576238,ENST00000576518,ENST00000577017,FLJ31424,FTDP-17,HGNC:6893,Hs.101174,I3L170,I3L2Z2,J03778,M25298,MAPT,MAPT-001,MAPT-002,MAPT-003,MAPT-004,MAPT-006,MAPT-007,MAPT-008,MAPT-009,MAPT-010,MAPT-011,MAPT-012,MAPT-013,MAPT-014,MAPT-201,MAPT-202,MAPT-203,MAPT-204,MAPT-205,MAPTL,MGC138549,MSTD,MTBT1,MTBT2,Microtubule-associated protein tau,NM_001123066,NM_001123066.3,NM_001123067,NM_001123067.3,NM_001203251,NM_001203251.1,NM_001203252,NM_001203252.1,NM_005910,NM_005910.5,NM_016834,NM_016834.4,NM_016835,NM_016835.4,NM_016841,NM_016841.4,NP_001116538,NP_001116538.2,NP_001116539,NP_001116539.1,NP_001190180,NP_001190180.1,NP_001190181,NP_001190181.1,NP_005901,NP_005901.2,NP_058518,NP_058518.1,NP_058519,NP_058519.3,NP_058525,NP_058525.1,NX_P10636,Neurofibrillary tangle protein,OMIM:157140,OTTHUMG00000168833,OTTHUMP00000239568,OTTHUMP00000239569,OTTHUMP00000239570,OTTHUMP00000239571,OTTHUMP00000258285,OTTHUMP00000258286,OTTHUMP00000258287,OTTHUMP00000258304,OTTHUMP00000258305,OTTHUMT00000401262,OTTHUMT00000401263,OTTHUMT00000401264,OTTHUMT00000401265,OTTHUMT00000440133,OTTHUMT00000440134,OTTHUMT00000440135,OTTHUMT00000440173,OTTHUMT00000440174,OTTHUMT00000440175,OTTHUMT00000440176,OTTHUMT00000440177,OTTHUMT00000440178,P10636,P18518,PPND,PPP1R103,Paired helical filament-tau,Protein phosphatase 1 regulatory subunits,Q14799,Q15549,Q15550,Q15551,Q1RMF6,Q53YB1,Q5CZI7,Q5XWF0,Q6QT54,Q9UDJ3,Q9UMH0,Q9UQ96,TAU,TAU_HUMAN,UPI0000000C16,UPI0000EE80B7,UPI0001639A7C,UPI0001AE66E9,UPI00025A2E6E,X14474,XM_005275647,XM_005275647.1,XM_005275648,XM_005275648.2,XM_006725266,XM_006725266.1,XM_006725268,XM_006725268.1,XM_006725270,XM_006725270.1,XM_006725271,XM_006725271.1,XM_006725272,XM_006725272.1,XM_006725273,XM_006725273.1,XM_006725625,XM_006725625.1,XP_005275704,XP_005275704.1,XP_005275705,XP_005275705.1,XP_006725329,XP_006725329.1,XP_006725331,XP_006725331.1,XP_006725333,XP_006725333.1,XP_006725334,XP_006725334.1,XP_006725335,XP_006725335.1,hsa:4137,microtubule associated protein tau,microtubule-associated protein tau,microtubule-associated protein tau, isoform 4,protein phosphatase 1, regulatory subunit 103,tau,uc002ijr.4,uc002ijr.5,uc002ijs.4,uc002ijt.4,uc002iju.4,uc002ijx.4,uc010dau.3,uc010dau.4,uc021tyv.1
PLAU	9606.ENSP00000361850	https://smart.embl.de/smart/DDvec.cgi?smart=431:EGF(10|63)+KR(68|153)+Tryp_SPc(178|419)+	Urokinase-type plasminogen activator; Specifically cleaves the zymogen plasminogen to form the active enzyme plasmin	1C5W,1C5X,1C5Y,1C5Z,1EJN,1F5K,1F5L,1F92,1FV9,1GI7,1GI8,1GI9,1GJ7,1GJ8,1GJ9,1GJA,1GJB,1GJC,1GJD,1KDU,1LMW,1O3P,1O5A,1O5B,1O5C,1OWD,1OWE,1OWH,1OWI,1OWJ,1OWK,1SC8,1SQA,1SQO,1SQT,1U6Q,1URK,1VJ9,1VJA,1W0Z,1W10,1W11,1W12,1W13,1W14,2FD6,2I9A,2I9B,2NWN,2O8T,2O8U,2O8W,2R2W,2VIN,2VIO,2VIP,2VIQ,2VIV,2VIW,2VNT,3.4.21.68,3.4.21.73,3BT1,3BT2,3IG6,3KGP,3KHV,3KID,3M61,3MHW,3MWI,3OX7,3OY5,3OY6,3PB1,3QN7,3U73,4DVA,4DW2,4FU7,4FU8,4FU9,4FUB,4FUC,4FUD,4FUE,4FUF,4FUG,4FUH,4FUI,4FUJ,4GLY,4H42,4JK5,4JK6,4JNI,4JNL,4K24,4MNV,4MNW,4MNX,4MNY,4OS1,4OS2,4OS4,4OS5,4OS6,4OS7,4X0W,4X1N,4X1P,4X1Q,4X1R,4X1S,4XSK,4ZHL,4ZHM,4ZKN,4ZKO,4ZKR,4ZKS,5328,5HGG,5XG4,AAA61252.1,AAA61253.1,AAA61257.1,AAC97138.1,AAH13575.1,AAK38734.1,AAK53822.1,AAP36055.1,AF377330,AK298560,ATF,AY029537,B4DPZ2,BAA00175.1,BAA01919.1,BAG60754.1,BC013575,BDPLT5,BT007391,CAA26268.1,CAA26535.1,CAI13969.1,CCDS44442,CCDS44442.1,CCDS7339,CCDS7339.1,CHEMBL2111379,D00244,D11143,E7ET40,EAW54544.1,EC 3.4.21.73,ENSG00000122861,ENSP00000242464,ENSP00000314118,ENSP00000340399,ENSP00000361847,ENSP00000361848,ENSP00000361850,ENSP00000388474,ENSP00000431795,ENSP00000474318,ENST00000242464,ENST00000317272,ENST00000338776,ENST00000372761,ENST00000372762,ENST00000372764,ENST00000446342,ENST00000481390,ENST00000494287,ENST00000496777,ENST00000496926,HGNC:9052,HPA008719,Hs.77274,K02286,K03027,K03226,M15476,NM_001145031,NM_001145031.1,NM_002658,NM_002658.3,NP_001138503,NP_001138503.1,NP_001306120.1,NP_002649,NP_002649.1,NX_P00749,OMIM:191840,OTTHUMG00000018494,OTTHUMP00000019849,OTTHUMP00000272546,OTTHUMT00000048727,OTTHUMT00000048730,OTTHUMT00000048731,OTTHUMT00000048733,P00749,PLAU,PLAU-001,PLAU-004,PLAU-005,PLAU-007,PLAU-201,Plasminogen activator, urokinase,Q15844,Q16618,Q53XS3,Q5SWW9,Q969W6,Q96SE8,Q9UEJ5,QPD,S01.231,S4R3G7,UPA,UPI000013CB02,UPI0001AE6D3B,UPI00033351E7,URK,UROK_HUMAN,Urokinase-type plasminogen activator,X02419,X02760,XP_006717956,XP_006717956.1,hsa:5328,plasminogen activator, urokinase,u-PA,uc001jwa.4,uc001jwb.3,uc001jwc.3,uc010qkw.2
PLAUR	9606.ENSP00000339328	https://smart.embl.de/smart/DDvec.cgi?smart=335:SIGNAL(1|22)+LU(23|110)+LU(115|207)+LU(214|301)+	Urokinase plasminogen activator surface receptor; Acts as a receptor for urokinase plasminogen activator. Plays a role in localizing and promoting plasmin formation. Mediates the proteolysis-independent signal transduction activation effects of U-PA. It is subject to negative-feedback regulation by U-PA which cleaves it into an inactive form; CD molecules	1YWH,2FD6,2I9B,3BT1,3BT2,3U73,3U74,4K24,4QTI,5329,A8K409,AAA17978.1,AAA17979.1,AAA59862.1,AAB60333.1,AAB60690.1,AAC32739.1,AAD14289.1,AAD17387.1,AAD17388.1,AAD17389.1,AAF71751.1,AAH02788.1,AAK31795.1,AAN86351.1,AAT52166.1,AAT52167.1,AAT52168.1,AC006953,AF257789,AK290774,AY029180,AY194849,AY620435,AY620436,AY620437,BAF83463.1,BC002788,CAA35981.1,CAA52191.1,CAG33233.1,CCDS12628,CCDS12628.1,CCDS33041,CCDS33041.1,CCDS33042,CCDS33042.1,CCDS74386,CCDS74386.1,CD molecules,CD87,CHEMBL4883,CR456952,EAW57220.1,ENSG00000011422,ENSP00000221264,ENSP00000269947,ENSP00000300812,ENSP00000339328,ENSP00000342049,ENSP00000468863,ENSP00000470029,ENSP00000470050,ENSP00000471241,ENSP00000471307,ENSP00000471525,ENSP00000471881,ENSP00000472511,ENSP00000473055,ENST00000221264,ENST00000269947,ENST00000300812,ENST00000339082,ENST00000340093,ENST00000593396,ENST00000593447,ENST00000593714,ENST00000593939,ENST00000594364,ENST00000595038,ENST00000597107,ENST00000598875,ENST00000599546,ENST00000599892,ENST00000601723,ENST00000601876,ENST00000602141,HGNC:9053,HPA050843,LY6/PLAUR domain containing,M0QX27,M0QYR6,M0R0H5,M0R0L1,M0R1I2,M0R2E9,M83246,MO3,Monocyte activation antigen Mo3,NM_001005376,NM_001005376.2,NM_001005377,NM_001005377.2,NM_001301037,NM_001301037.1,NM_002659,NM_002659.3,NP_001005376,NP_001005376.1,NP_001005377,NP_001005377.1,NP_001287966,NP_001287966.1,NP_002650,NP_002650.1,NX_Q03405,OMIM:173391,OTTHUMG00000182778,OTTHUMP00000270126,OTTHUMP00000270127,OTTHUMP00000270128,OTTHUMP00000270129,OTTHUMP00000270130,OTTHUMP00000270131,OTTHUMP00000270132,OTTHUMP00000270133,OTTHUMP00000270134,OTTHUMP00000270135,OTTHUMP00000270136,OTTHUMP00000270137,OTTHUMT00000463568,OTTHUMT00000463569,OTTHUMT00000463570,OTTHUMT00000463571,OTTHUMT00000463572,OTTHUMT00000463573,OTTHUMT00000463574,OTTHUMT00000463575,OTTHUMT00000463576,OTTHUMT00000463577,OTTHUMT00000463578,OTTHUMT00000463579,OTTHUMT00000463580,OTTHUMT00000463581,OTTHUMT00000463582,OTTHUMT00000463583,PLAUR,PLAUR-001,PLAUR-002,PLAUR-003,PLAUR-004,PLAUR-005,PLAUR-006,PLAUR-007,PLAUR-008,PLAUR-009,PLAUR-010,PLAUR-011,PLAUR-012,PLAUR-013,PLAUR-014,PLAUR-015,PLAUR-016,Plasminogen activator, urokinase receptor,Q03405,Q12876,Q15845,Q16887,Q6GY32,Q6IB52,Q9BWT0,Q9NYC8,Q9UD69,Q9UEA6,Q9UM92,Q9UMV0,Q9UPI5,S78532,U-PAR,U08839,U09346,U09347,U09931,U09932,U09933,U09935,U09936,U09937,UPAR,UPAR_HUMAN,UPI000000D8C1,UPI000002B696,UPI0000062215,UPI0001962C08,UPI0002A470EF,UPI0002A471A5,UPI0002A472BC,UPI0002A472D6,UPI0002A473D5,UPI0002A47549,UPI0002A4754D,UPI0002A47642,URKR,Urokinase plasminogen activator surface receptor,X51675,X74039,XM_005258989,XM_006723241,XM_006723241.1,XP_005259045,XP_005259045.1,XP_006723304,XP_006723304.1,hsa:5329,plasminogen activator, urokinase receptor,uc002oxd.2,uc002oxd.3,uc002oxf.2,uc002oxf.3,uc002oxg.2,urokinase plasminogen activator surface receptor,urokinase-type plasminogen activator receptor
PTGS1	9606.ENSP00000354612	https://smart.embl.de/smart/DDvec.cgi?smart=599:SIGNAL(1|24)+EGF(34|69)+Pfam_An_peroxidase(215|574)+	Prostaglandin G/H synthase 1; Converts arachidonate to prostaglandin H2 (PGH2), a committed step in prostanoid synthesis. Involved in the constitutive production of prostanoids in particular in the stomach and platelets. In gastric epithelial cells, it is a key step in the generation of prostaglandins, such as prostaglandin E2 (PGE2), which plays an important role in cytoprotection. In platelets, it is involved in the generation of thromboxane A2 (TXA2), which promotes platelet activation and aggregation, vasoconstriction and proliferation of vascular smooth muscle cells; Belongs to th [...] 	1.14.99.1,5742,A8K1V7,AAA03630.1,AAA36439.1,AAB21215.1,AAB22216.1,AAB22217.1,AAH29840.1,AAL33601.1,AAR08907.1,ABA60098.1,ABA60099.1,AF440204,AK290022,AK295221,AK304403,AL359636,AY449688,B4DHQ2,B4E2S5,BAF82711.1,BAG58214.1,BAG65237.1,BC029840,CAB020315,CAI14714.1,CAI14715.1,CAI14716.1,CAM45740.1,CAM45741.1,CCDS59520,CCDS59520.1,CCDS59521,CCDS59521.1,CCDS6842,CCDS6842.1,CCDS6843,CCDS6843.1,CCDS75895,CCDS75895.1,CHEMBL221,COX1,COX3,Cyclooxygenase-1,DQ180741,DQ180742,EAW87530.1,EC 1.14.99.1,ENSG00000095303,ENSP00000223423,ENSP00000340023,ENSP00000348756,ENSP00000349750,ENSP00000354612,ENSP00000362796,ENSP00000362801,ENSP00000362802,ENSP00000411606,ENSP00000437709,ENSP00000483540,ENSP00000484800,ENST00000223423,ENST00000344171,ENST00000356391,ENST00000357216,ENST00000362012,ENST00000373692,ENST00000373697,ENST00000373698,ENST00000426608,ENST00000540753,ENST00000614910,ENST00000619306,HGNC:9604,HPA002834,Hs.201978,M31812,M31813,M31814,M31815,M31816,M31817,M31818,M31819,M31820,M31821,M31822,M59979,NM_000962,NM_000962.3,NM_001271164,NM_001271164.1,NM_001271165,NM_001271165.1,NM_001271166,NM_001271166.1,NM_001271367,NM_001271367.1,NM_001271368,NM_001271368.1,NM_080591,NM_080591.2,NP_000953,NP_000953.2,NP_001258093,NP_001258093.1,NP_001258094,NP_001258094.1,NP_001258095,NP_001258095.1,NP_001258296,NP_001258296.1,NP_001258297,NP_001258297.1,NP_542158,NP_542158.1,NX_P23219,OMIM:176805,OTTHUMG00000020605,OTTHUMP00000022052,OTTHUMP00000022053,OTTHUMP00000022054,OTTHUMT00000053933,OTTHUMT00000053934,OTTHUMT00000053935,P23219,PCOX1,PES-1,PGG/HS,PGH1_HUMAN,PGHS-1,PGHS1,PHS1,PTGHS,PTGS1,PTGS1-001,PTGS1-002,PTGS1-003,PTGS1-201,PTGS1-202,PTGS1-203,PTGS1-204,Prostaglandin G/H synthase 1,Prostaglandin H2 synthase 1,Prostaglandin-endoperoxide synthase 1,Q15122,Q3HY28,Q3HY29,Q5T7T6,Q5T7T7,Q5T7T8,S36219,S36271,S78220,UPI0000160640,UPI0000161DAC,UPI000046FE68,UPI00005913FC,UPI00016EA8E5,UPI0001E7B046,UPI00027F7020,X6RJD6,XM_005252105,XM_005252105.1,XM_006717192,XP_005252162,XP_005252162.1,XP_006717255,XP_006717255.1,XP_011517178.1,cyclooxygenase-1,hsa:5742,prostaglandin-endoperoxide synthase 1,uc004bmf.2,uc004bmf.3,uc004bmg.2,uc004bmg.3,uc011lys.2,uc011lyt.2,uc031tey.1
SEPT7	9606.ENSP00000381992	https://smart.embl.de/smart/DDvec.cgi?smart=401:Pfam_MMR_HSR1(17|187)+COIL(300|390)+	Septin-7; Filament-forming cytoskeletal GTPase. Required for normal organization of the actin cytoskeleton. Required for normal progress through mitosis. Involved in cytokinesis. Required for normal association of CENPE with the kinetochore. Plays a role in ciliogenesis and collective cell movements. Forms a filamentous structure with SEPT12, SEPT6, SEPT2 and probably SEPT4 at the sperm annulus which is required for the structural integrity and motility of the sperm tail during postmeiotic differentiation; Septins	2QAG,3T5D,3TW4,989,AAB31337.1,AAH67264.2,AAH93640.2,AAH93642.2,AB209677,AC007551,AC087072,AK297883,AL050392,B4DNE4,BAD92914.1,BAG60206.1,BC067264,BC093640,BC093642,CAI46224.1,CCDS75582,CCDS75582.1,CDC10,CDC10 cell division cycle 10 homolog,CDC10 protein homolog,CDC3,DKFZP586I031,E7EPK1,EAW94059.1,EAW94060.1,EAW94062.1,ENSG00000122545,ENSP00000265749,ENSP00000322233,ENSP00000322557,ENSP00000344868,ENSP00000381992,ENSP00000381993,ENSP00000387913,ENSP00000413507,ENSP00000438395,ENSP00000443706,ENSP00000444240,ENSP00000444501,ENSP00000444567,ENST00000265749,ENST00000322390,ENST00000322406,ENST00000348234,ENST00000350320,ENST00000399034,ENST00000399035,ENST00000425198,ENST00000432293,ENST00000435235,ENST00000469679,ENST00000473201,ENST00000475109,ENST00000485569,ENST00000492940,ENST00000493626,ENST00000493670,ENST00000494488,ENST00000537785,G3V1Q4,H0Y3Y4,H0YFF6,HGNC:1717,HPA023309,HPA029524,Hs.191346,Hs.603937,Hs.627519,Hs.642540,NBLA02942,NM_001011553,NM_001011553.3,NM_001242956,NM_001242956.1,NM_001788,NM_001788.5,NP_001011553,NP_001011553.2,NP_001229885,NP_001229885.1,NP_001779,NP_001779.3,NX_Q16181,OMIM:603151,OTTHUMG00000155063,OTTHUMP00000207203,OTTHUMP00000207204,OTTHUMT00000338285,OTTHUMT00000338286,OTTHUMT00000338287,OTTHUMT00000338290,OTTHUMT00000338291,OTTHUMT00000338293,OTTHUMT00000338294,Q16181,Q52M76,Q59EY4,Q5JXL7,Q6NX50,S72008,SEPT7,SEPT7-001,SEPT7-002,SEPT7-003,SEPT7-006,SEPT7-007,SEPT7-009,SEPT7-010,SEPT7-201,SEPT7-202,SEPT7-203,SEPT7-204,SEPT7A,SEPT7_HUMAN,Septin 7,Septin-7,Septins,UPI000013D675,UPI000020ED94,UPI000020ED98,UPI00015E044F,UPI000198CD97,UPI000237FC72,XP_006715869,XP_006715869.1,XP_006715870,XP_006715870.1,XP_006715871,XP_006715871.1,XP_006715872,XP_006715872.1,XP_006715873,XP_006715873.1,hsa:989,septin 7,uc010kxc.3,uc011kat.2,uc011kau.2,uc011kav.2,uc064ctx.2
SERPIND1	9606.ENSP00000215727	https://smart.embl.de/smart/DDvec.cgi?smart=499:SIGNAL(1|19)+SERPIN(135|496)+	Heparin cofactor 2; Thrombin inhibitor activated by the glycosaminoglycans, heparin or dermatan sulfate. In the presence of the latter, HC-II becomes the predominant thrombin inhibitor in place of antithrombin III (AT-III). Also inhibits chymotrypsin, but in a glycosaminoglycan-independent manner; Belongs to the serpin family	151580,1JMJ,1JMO,2NAT,2NCU,2NCV,2NCW,3053,AAA36185.1,AAA52641.1,AAA52642.1,AK314200,B2RAI1,BAG36878.1,CAA27218.1,CAB008639,CAG30459.1,CCDS13783,CCDS13783.1,CR456573,D22S673,D3DX34,EAX02941.1,EAX02942.1,ENSG00000099937,ENSP00000215727,ENSP00000384050,ENST00000215727,ENST00000406799,HC-II,HC2,HCF2,HCII,HEP2_HUMAN,HGNC:4838,HLS2,HPA055767,Heparin cofactor 2,Heparin cofactor II,Hs.474270,I04.019,LS2,M12849,M33660,M58600,NM_000185,NM_000185.3,NP_000176,NP_000176.2,NX_P05546,OMIM:142360,OTTHUMG00000150755,OTTHUMP00000198450,OTTHUMP00000198451,OTTHUMT00000319961,OTTHUMT00000319962,P05546,Protease inhibitor leuserpin-2,Q6IBZ5,SERPIND1,SERPIND1-001,SERPIND1-002,Serpin D1,Serpin peptidase inhibitors,THPH10,UPI000012C603,X03498,XM_005261597,XM_005261597.1,XP_005261654,XP_005261654.1,heparin cofactor 2,heparin cofactor II,hsa:3053,serine, member 1,serpin family D member 1,serpin peptidase inhibitor, clade D, member 1,uc002ztb.1,uc002ztb.2,uc002ztc.2
SERPINE1	9606.ENSP00000223095	https://smart.embl.de/smart/DDvec.cgi?smart=402:SIGNAL(1|23)+SERPIN(40|402)+	Plasminogen activator inhibitor 1; Serine protease inhibitor. This inhibitor acts as 'bait' for tissue plasminogen activator, urokinase, protein C and matriptase-3/TMPRSS7. Its rapid interaction with PLAT may function as a major control point in the regulation of fibrinolysis; Serpin peptidase inhibitors	1A7C,1B3K,1C5G,1DB2,1DVM,1DVN,1LJ5,1OC0,3CVM,3EOX,3PB1,3Q02,3Q03,3R4L,3UT3,4AQH,4G8O,4G8R,4IC0,5054,5BRR,9PAI,A0A024QYT5,AAA60003.1,AAA60007.1,AAA60008.1,AAA60009.1,AAD45828.1,AAH10860.1,AAK60338.1,AC004876,AF386492,AK293248,AK297728,AK316225,B7Z1D9,B7Z4S0,B7ZAB0,BAH11475.1,BAH12656.1,BAH14596.1,BC010860,CAA28025.1,CAA28438.1,CAA28442.1,CAA28444.1,CAA31208.1,CAA31722.1,CAA31729.1,CAB51606.1,CAB51607.1,CAB51639.1,CAB51737.1,CAB51738.1,CAB51739.1,CCDS5711,CCDS5711.1,CH471197,CHEMBL3475,EAW50196.1,EAW50197.1,ENSG00000106366,ENSP00000223095,ENSP00000392435,ENSP00000396766,ENSP00000444934,ENST00000223095,ENST00000441467,ENST00000445463,ENST00000536888,Endothelial plasminogen activator inhibitor,F8WD53,HGNC:8583,HPA050039,Hs.414795,Hs.741440,I04.020,J03764,M14083,M16006,M22314,M22315,M22316,M22317,M22318,M22319,M22320,M22321,NM_000602,NM_000602.4,NP_000593,NP_000593.1,NX_P05121,OMIM:173360,OTTHUMG00000157107,OTTHUMP00000211478,OTTHUMT00000347458,P05121,PAI,PAI-1,PAI1,PAI1_HUMAN,PLANH1,Plasminogen activator inhibitor 1,SERPINE1,SERPINE1-001,Serpin E1,Serpin peptidase inhibitors,UPI0000000CAB,X04429,X04729,X04731,X04744,X12701,X13323,X13338,X13339,X13340,X13341,X13342,X13343,X13344,X13345,hsa:5054,plasminogen activator inhibitor, type I,serine, member 1,serpin family E member 1,serpin peptidase inhibitor, clade E, member 1,uc003uxt.4
TEK	9606.ENSP00000369375	https://smart.embl.de/smart/DDvec.cgi?smart=1124:SIGNAL(1|22)+Pfam_Ig_Tie2_1(24|118)+IG_like(128|209)+EGF(219|252)+EGF(267|299)+IG_like(356|442)+FN3(444|528)+FN3(543|625)+FN3(639|721)+TRANS(748|770)+TyrKc(824|1092)+	Angiopoietin-1 receptor; Tyrosine-protein kinase that acts as cell-surface receptor for ANGPT1, ANGPT2 and ANGPT4 and regulates angiogenesis, endothelial cell survival, proliferation, migration, adhesion and cell spreading, reorganization of the actin cytoskeleton, but also maintenance of vascular quiescence. Has anti-inflammatory effects by preventing the leakage of proinflammatory plasma proteins and leukocytes from blood vessels. Required for normal angiogenesis and heart development during embryogenesis. Required for post- natal hematopoiesis. After birth, activates or inhibits ang [...] 	1FVR,2.7.10.1,2GY5,2GY7,2OO8,2OSC,2P4I,2WQB,3BEA,3L8P,4K0V,4X3J,5MYA,5MYB,5UTK,7010,A8K6W0,AAA61139.1,AAH35514.2,ACF47628.1,AK291775,AK294887,AK295043,AL133411,AL355432,AL355433,Angiopoietin-1 receptor,B4DH20,B4DHD3,B5A954,BAF84464.1,BAG57981.1,BAG58094.1,BC035514,CAB010359,CAI16055.1,CCDS6519,CCDS6519.1,CCDS75825,CCDS75825.1,CCDS78389,CD molecules,CD202B,CD202b,CHEMBL2111375,D3DRK5,E5RIV9,E7EWI2,EAW58571.1,EAW58572.1,EC 2.7.10.1,ENSG00000120156,ENSP00000239259,ENSP00000332131,ENSP00000343716,ENSP00000346578,ENSP00000369375,ENSP00000369379,ENSP00000383977,ENSP00000428337,ENSP00000430233,ENSP00000430686,ENSP00000480251,ENST00000239259,ENST00000327509,ENST00000346448,ENST00000354568,ENST00000380036,ENST00000380040,ENST00000406359,ENST00000488798,ENST00000519080,ENST00000519097,ENST00000615002,EU826592,Endothelial tyrosine kinase,Fibronectin type III domain containing,GLC3E,HGNC:11724,HPA011738,Hs.89640,Immunoglobulin like domain containing,L06139,NM_000459,NM_000459.3,NM_001290077,NM_001290077.1,NM_001290078,NM_001290078.1,NP_000450,NP_000450.2,NP_001277006,NP_001277006.1,NP_001277007,NP_001277007.1,NX_Q02763,OMIM:600221,OTTHUMG00000019712,OTTHUMP00000021167,OTTHUMP00000227067,OTTHUMP00000227069,OTTHUMP00000227070,OTTHUMT00000051965,OTTHUMT00000379465,OTTHUMT00000379466,OTTHUMT00000379467,P140 TEK,Q02763,Q5TCU2,Q8IV34,Receptor Tyrosine Kinases,TEK,TEK receptor tyrosine kinase,TEK tyrosine kinase, endothelial,TEK-002,TEK-003,TEK-004,TEK-005,TEK-201,TIE-2,TIE2,TIE2_HUMAN,Tunica interna endothelial cell kinase,Tyrosine-protein kinase receptor TEK,Tyrosine-protein kinase receptor TIE-2,UPI000021121E,UPI000049E0D7,UPI000067CA7F,UPI0001E8F011,UPI0001E8F017,VMCM,VMCM1,XM_005251561,XM_005251561.1,XM_005251562,XM_005251563,XM_005251563.1,XP_005251618,XP_005251618.1,XP_005251620,XP_005251620.1,hsa:7010,uc003zqi.4,uc003zqi.5,uc003zqj.1,uc011lno.2,uc011lnp.2
TGFBI	9606.ENSP00000416330	https://smart.embl.de/smart/DDvec.cgi?smart=683:SIGNAL(1|23)+FAS1(139|239)+FAS1(276|374)+FAS1(411|501)+FAS1(538|635)+	Transforming growth factor-beta-induced protein ig-h3; Plays a role in cell adhesion. May play a role in cell-collagen interactions (By similarity)	1X3B,2LTB,2LTC,2VXP,5NV6,7045,AAA61163.1,AAB88695.1,AAB88696.1,AAB88697.1,AAB88698.1,AAC08449.1,AAC24944.1,AAH00097.1,AAH04972.1,AAN10294.1,AAP88822.1,AC004503,AC005219,ACT75673.1,AF035626,AF035627,AF035628,AF035629,AY149344,BC000097,BC004972,BGH3_HUMAN,BIGH3,BT009820,C7FFS5,CCDS47266,CCDS47266.1,CDB1,CDG2,CDGG1,CSD,CSD1,CSD2,CSD3,D3DQB1,D6RBX4,EAW62199.1,EAW62200.1,EBMD,ENSG00000120708,ENSP00000306306,ENSP00000321877,ENSP00000322819,ENSP00000323132,ENSP00000381794,ENSP00000416330,ENSP00000421440,ENSP00000421540,ENSP00000423871,ENSP00000423935,ENSP00000426137,ENSP00000426589,ENSP00000427137,ENSP00000474155,ENST00000305126,ENST00000324005,ENST00000324024,ENST00000324039,ENST00000398813,ENST00000442011,ENST00000503087,ENST00000504185,ENST00000504205,ENST00000504411,ENST00000506699,ENST00000507018,ENST00000508076,ENST00000508767,ENST00000509485,ENST00000509749,ENST00000513497,ENST00000514242,ENST00000514554,ENST00000515433,ENST00000604555,GQ368821,HGNC:11771,HPA008612,HPA017019,Hs.369397,Kerato-epithelin,LCD1,M77349,NM_000358,NM_000358.2,NP_000349,NP_000349.1,NX_Q15582,O14471,O14472,O14476,O43216,O43217,O43218,O43219,OMIM:601692,OTTHUMG00000163213,OTTHUMP00000223339,OTTHUMP00000223340,OTTHUMP00000223342,OTTHUMP00000223343,OTTHUMP00000223344,OTTHUMP00000223345,OTTHUMP00000223346,OTTHUMP00000273244,OTTHUMT00000372108,OTTHUMT00000372110,OTTHUMT00000372114,OTTHUMT00000372115,OTTHUMT00000372116,OTTHUMT00000372117,OTTHUMT00000372118,OTTHUMT00000372119,OTTHUMT00000372120,OTTHUMT00000372121,OTTHUMT00000372122,OTTHUMT00000372123,OTTHUMT00000372124,OTTHUMT00000372125,OTTHUMT00000470116,Q15582,Q53XM1,RGD-containing collagen-associated protein,S4R3C6,TGFBI,TGFBI-001,TGFBI-003,TGFBI-007,TGFBI-008,TGFBI-009,TGFBI-010,TGFBI-011,TGFBI-012,TGFBI-013,TGFBI-014,TGFBI-015,TGFBI-016,TGFBI-017,TGFBI-018,TGFBI-019,Transforming growth factor, beta-induced, 68kDa,UPI0000000C6A,UPI0001D3B807,UPI0001D3B808,UPI0001D3B809,UPI0001D3B80A,UPI0001D3B80B,UPI0001D3B80C,UPI000333503B,hsa:7045,transforming growth factor beta induced,transforming growth factor, beta-induced, 68kD,transforming growth factor, beta-induced, 68kDa,uc003lbf.4,uc003lbf.5,uc003lbg.4
TIE1	9606.ENSP00000361554	https://smart.embl.de/smart/DDvec.cgi?smart=1138:SIGNAL(1|21)+IG(131|213)+EGF(223|256)+EGF_like(267|303)+EGF(314|345)+IG_like(357|444)+FN3(446|530)+FN3(543|631)+FN3(644|726)+TRANS(764|786)+TyrKc(839|1107)+	Tyrosine-protein kinase receptor Tie-1; Transmembrane tyrosine-protein kinase that may modulate TEK/TIE2 activity and contribute to the regulation of angiogenesis	2.7.10.1,5N06,7075,AAD14299.1,AAG17219.1,AAH38239.1,ACF47623.1,ACF47624.1,AF217976,B5A949,B5A950,BC038239,CAA43290.1,CCDS482,CCDS482.1,CHEMBL5274,E9PG63,EC 2.7.10.1,ENSG00000066056,ENSP00000262908,ENSP00000361553,ENSP00000361554,ENSP00000401903,ENSP00000411728,ENSP00000438750,ENSP00000440063,ENST00000262908,ENST00000372475,ENST00000372476,ENST00000433781,ENST00000441333,ENST00000461061,ENST00000471187,ENST00000473014,ENST00000480269,ENST00000485125,ENST00000488437,ENST00000492599,ENST00000492874,ENST00000536913,ENST00000538015,EU826587,EU826588,Fibronectin type III domain containing,HGNC:11809,Hs.78824,Immunoglobulin like domain containing,JTK14,NM_001253357,NM_001253357.1,NM_005424,NM_005424.4,NP_001240286,NP_001240286.1,NP_005415,NP_005415.1,NX_P35590,OMIM:600222,OTTHUMG00000007282,OTTHUMP00000008352,OTTHUMT00000019011,OTTHUMT00000019013,OTTHUMT00000019478,OTTHUMT00000019479,OTTHUMT00000019480,OTTHUMT00000019481,OTTHUMT00000019482,OTTHUMT00000019483,OTTHUMT00000019484,P35590,Q6LD63,Q9HBS4,Receptor Tyrosine Kinases,S79347,TIE,TIE-001,TIE-003,TIE-004,TIE-005,TIE-006,TIE-007,TIE-008,TIE-009,TIE-010,TIE-201,TIE1,TIE1-001,TIE1-003,TIE1-004,TIE1-005,TIE1-006,TIE1-007,TIE1-008,TIE1-009,TIE1-010,TIE1-201,TIE1_HUMAN,Tyrosine-protein kinase receptor Tie-1,UPI0000032E59,UPI000067CA81,X60957,XM_006710869,XM_006710869.1,XP_005271221,XP_005271221.1,XP_006710932,XP_006710932.1,hsa:7075,uc001ciu.3,uc001ciu.4,uc010okc.2
VCL	9606.ENSP00000211998	https://smart.embl.de/smart/DDvec.cgi?smart=1134:Pfam_Vinculin(3|485)+Pfam_Vinculin(481|921)+Pfam_Vinculin(918|1134)+	Vinculin; Actin filament (F-actin)-binding protein involved in cell-matrix adhesion and cell-cell adhesion. Regulates cell- surface E-cadherin expression and potentiates mechanosensing by the E-cadherin complex. May also play important roles in cell morphology and locomotion; Belongs to the vinculin/alpha-catenin family	1RKC,1RKE,1SYQ,1TR2,1YDI,2GWW,2HSQ,2IBF,3H2U,3H2V,3JBK,3MYI,3RF3,3S90,3TJ5,3TJ6,3VF0,4DJ9,4EHP,4LN2,4LNP,4PR9,5L0C,5L0D,5L0F,5L0G,5L0H,5L0I,5L0J,5O2Q,7414,A0A024QZN4,AAA61271.1,AAA61283.1,AAB21656.1,AAB21657.1,AAH39174.1,ACJ13727.1,BC039174,BX537994,CAB002453,CAD97952.1,CAI13972.1,CAI39673.1,CCDS7340,CCDS7340.1,CCDS7341,CCDS7341.1,CMD1W,CMH15,EAW54548.1,EAW54549.1,EAW54550.1,EAW54551.1,ENSG00000035403,ENSP00000211998,ENSP00000277829,ENSP00000324816,ENSP00000361841,ENSP00000398894,ENSP00000411887,ENSP00000415489,ENSP00000442299,ENSP00000443396,ENSP00000485551,ENST00000211998,ENST00000277829,ENST00000326979,ENST00000372755,ENST00000415462,ENST00000417648,ENST00000436396,ENST00000461383,ENST00000472585,ENST00000478896,ENST00000537043,ENST00000540569,ENST00000623461,ENST00000624354,EU794673,HEL114,HGNC:12665,HPA002131,Hs.605794,Hs.643896,L04933,LRG_383,LRG_383t1,M33308,MV,MVCL,Metavinculin,NM_003373,NM_003373.3,NM_014000,NM_014000.2,NP_003364,NP_003364.1,NP_054706,NP_054706.1,NX_P18206,OMIM:193065,OTTHUMG00000018498,OTTHUMP00000019861,OTTHUMP00000019862,OTTHUMP00000277823,OTTHUMT00000048751,OTTHUMT00000048752,OTTHUMT00000048753,OTTHUMT00000048754,OTTHUMT00000048755,OTTHUMT00000478980,OTTHUMT00000478981,P18206,Q16450,Q5JQ13,Q5SWX2,Q7Z3B8,Q8IXU7,S87175,S87178,S87180,S87218,S87223,UPI00000424F8,UPI0000167B54,UPI00004A2E19,UPI0000DFF165,V9HWK2,VCL,VCL-001,VCL-002,VCL-003,VCL-004,VCL-005,VCL-006,VCL-007,VCL-201,VINC_HUMAN,Vinculin,XM_005270142,XM_005270142.1,XM_005270143,XM_005270143.1,XP_005270199,XP_005270199.1,XP_005270200,XP_005270200.1,hsa:7414,metavinculin,uc001jwd.3,uc001jwd.4,uc001jwe.3,uc001jwe.4,vinculin
